date,stakeholder,name,certificate_path,uuid,serial,membership,sector_key,ins_uuid
2026-01-01,unknown-sector,Unknown,public/certificates/output/MISSING-UUID-MISSING-1.png,UUID-MISSING-1,ATS-MISSING-1,1,unknown-sector,INS-UUID-MISSING-1
2026-05-12,unknown-sector,Unknown,public/certificates/output/certificate_BANKING.png,UUID-MISSING-2,ATS-MISSING-2,2,unknown-sector,INS-UUID-MISSING-2
2026-05-12,unknown-sector,Unknown,public/certificates/output/certificate_CEMENT.png,UUID-MISSING-3,ATS-MISSING-3,3,unknown-sector,INS-UUID-MISSING-3
2026-05-12,unknown-sector,Unknown,public/certificates/output/certificate_COMMUNITY.png,UUID-MISSING-4,ATS-MISSING-4,4,unknown-sector,INS-UUID-MISSING-4
2026-05-12,unknown-sector,Unknown,public/certificates/output/certificate_COUNCILS.png,UUID-MISSING-5,ATS-MISSING-5,5,unknown-sector,INS-UUID-MISSING-5
2026-05-12,unknown-sector,Unknown,public/certificates/output/certificate_GOVERNMENT.png,UUID-MISSING-6,ATS-MISSING-6,6,unknown-sector,INS-UUID-MISSING-6
2026-05-12,unknown-sector,Unknown,public/certificates/output/certificate_HOUSING.png,UUID-MISSING-7,ATS-MISSING-7,7,unknown-sector,INS-UUID-MISSING-7
2026-05-12,unknown-sector,Unknown,public/certificates/output/certificate_INSURANCE.png,UUID-MISSING-8,ATS-MISSING-8,8,unknown-sector,INS-UUID-MISSING-8
2026-05-12,unknown-sector,Unknown,public/certificates/output/certificate_LANDOWNERS.png,UUID-MISSING-9,ATS-MISSING-9,9,unknown-sector,INS-UUID-MISSING-9
2026-05-12,unknown-sector,Unknown,public/certificates/output/certificate_MINERS.png,UUID-MISSING-10,ATS-MISSING-10,10,unknown-sector,INS-UUID-MISSING-10
2026-05-12,unknown-sector,Unknown,public/certificates/output/certificate_PARTNERS.png,UUID-MISSING-11,ATS-MISSING-11,11,unknown-sector,INS-UUID-MISSING-11
2026-05-12,unknown-sector,Unknown,public/certificates/output/certificate_STEEL.png,UUID-MISSING-12,ATS-MISSING-12,12,unknown-sector,INS-UUID-MISSING-12
2026-05-12,unknown-sector,Unknown,public/certificates/output/certificate_VETERANS.png,UUID-MISSING-13,ATS-MISSING-13,13,unknown-sector,INS-UUID-MISSING-13
2026-05-12,unknown-sector,Unknown,public/certificates/output/certificate_BANKING.png,UUID-MISSING-14,ATS-MISSING-14,14,unknown-sector,INS-UUID-MISSING-14
2026-05-12,unknown-sector,Unknown,public/certificates/output/certificate_CEMENT.png,UUID-MISSING-15,ATS-MISSING-15,15,unknown-sector,INS-UUID-MISSING-15
2026-05-12,unknown-sector,Unknown,public/certificates/output/certificate_COMMUNITY.png,UUID-MISSING-16,ATS-MISSING-16,16,unknown-sector,INS-UUID-MISSING-16
2026-05-12,unknown-sector,Unknown,public/certificates/output/certificate_COUNCILS.png,UUID-MISSING-17,ATS-MISSING-17,17,unknown-sector,INS-UUID-MISSING-17
2026-05-12,unknown-sector,Unknown,public/certificates/output/certificate_GOVERNMENT.png,UUID-MISSING-18,ATS-MISSING-18,18,unknown-sector,INS-UUID-MISSING-18
2026-05-12,unknown-sector,Unknown,public/certificates/output/certificate_HOUSING.png,UUID-MISSING-19,ATS-MISSING-19,19,unknown-sector,INS-UUID-MISSING-19
2026-05-12,unknown-sector,Unknown,public/certificates/output/certificate_INSURANCE.png,UUID-MISSING-20,ATS-MISSING-20,20,unknown-sector,INS-UUID-MISSING-20
2026-05-12,unknown-sector,Unknown,public/certificates/output/certificate_LANDOWNERS.png,UUID-MISSING-21,ATS-MISSING-21,21,unknown-sector,INS-UUID-MISSING-21
2026-05-12,unknown-sector,Unknown,public/certificates/output/certificate_MINERS.png,UUID-MISSING-22,ATS-MISSING-22,22,unknown-sector,INS-UUID-MISSING-22
2026-05-12,unknown-sector,Unknown,public/certificates/output/certificate_PARTNERS.png,UUID-MISSING-23,ATS-MISSING-23,23,unknown-sector,INS-UUID-MISSING-23
2026-05-12,unknown-sector,Unknown,public/certificates/output/certificate_STEEL.png,UUID-MISSING-24,ATS-MISSING-24,24,unknown-sector,INS-UUID-MISSING-24
2026-05-12,unknown-sector,Unknown,public/certificates/output/certificate_VETERANS.png,UUID-MISSING-25,ATS-MISSING-25,25,unknown-sector,INS-UUID-MISSING-25
2026-05-12,unknown-sector,Unknown,public/certificates/output/certificate_BANKING.png,UUID-MISSING-26,ATS-MISSING-26,26,unknown-sector,INS-UUID-MISSING-26
2026-05-12,unknown-sector,Unknown,public/certificates/output/certificate_CEMENT.png,UUID-MISSING-27,ATS-MISSING-27,27,unknown-sector,INS-UUID-MISSING-27
2026-05-12,unknown-sector,Unknown,public/certificates/output/certificate_COMMUNITY.png,UUID-MISSING-28,ATS-MISSING-28,28,unknown-sector,INS-UUID-MISSING-28
2026-05-12,unknown-sector,Unknown,public/certificates/output/certificate_COUNCILS.png,UUID-MISSING-29,ATS-MISSING-29,29,unknown-sector,INS-UUID-MISSING-29
2026-05-12,unknown-sector,Unknown,public/certificates/output/certificate_GOVERNMENT.png,UUID-MISSING-30,ATS-MISSING-30,30,unknown-sector,INS-UUID-MISSING-30
2026-05-12,unknown-sector,Unknown,public/certificates/output/certificate_HOUSING.png,UUID-MISSING-31,ATS-MISSING-31,31,unknown-sector,INS-UUID-MISSING-31
2026-05-12,unknown-sector,Unknown,public/certificates/output/certificate_INSURANCE.png,UUID-MISSING-32,ATS-MISSING-32,32,unknown-sector,INS-UUID-MISSING-32
2026-05-12,unknown-sector,Unknown,public/certificates/output/certificate_LANDOWNERS.png,UUID-MISSING-33,ATS-MISSING-33,33,unknown-sector,INS-UUID-MISSING-33
2026-05-12,unknown-sector,Unknown,public/certificates/output/certificate_MINERS.png,UUID-MISSING-34,ATS-MISSING-34,34,unknown-sector,INS-UUID-MISSING-34
2026-05-12,unknown-sector,Unknown,public/certificates/output/certificate_PARTNERS.png,UUID-MISSING-35,ATS-MISSING-35,35,unknown-sector,INS-UUID-MISSING-35
2026-05-12,unknown-sector,Unknown,public/certificates/output/certificate_STEEL.png,UUID-MISSING-36,ATS-MISSING-36,36,unknown-sector,INS-UUID-MISSING-36
2026-05-12,unknown-sector,Unknown,public/certificates/output/certificate_VETERANS.png,UUID-MISSING-37,ATS-MISSING-37,37,unknown-sector,INS-UUID-MISSING-37
2026-05-12,unknown-sector,Unknown,public/certificates/output/certificate_BANKING.png,UUID-MISSING-38,ATS-MISSING-38,38,unknown-sector,INS-UUID-MISSING-38
2026-05-12,unknown-sector,Unknown,public/certificates/output/certificate_CEMENT.png,UUID-MISSING-39,ATS-MISSING-39,39,unknown-sector,INS-UUID-MISSING-39
2026-05-12,unknown-sector,Unknown,public/certificates/output/certificate_COMMUNITY.png,UUID-MISSING-40,ATS-MISSING-40,40,unknown-sector,INS-UUID-MISSING-40
2026-05-12,unknown-sector,Unknown,public/certificates/output/certificate_COUNCILS.png,UUID-MISSING-41,ATS-MISSING-41,41,unknown-sector,INS-UUID-MISSING-41
2026-05-12,unknown-sector,Unknown,public/certificates/output/certificate_GOVERNMENT.png,UUID-MISSING-42,ATS-MISSING-42,42,unknown-sector,INS-UUID-MISSING-42
2026-05-12,unknown-sector,Unknown,public/certificates/output/certificate_HOUSING.png,UUID-MISSING-43,ATS-MISSING-43,43,unknown-sector,INS-UUID-MISSING-43
2026-05-12,unknown-sector,Unknown,public/certificates/output/certificate_INSURANCE.png,UUID-MISSING-44,ATS-MISSING-44,44,unknown-sector,INS-UUID-MISSING-44
2026-05-12,unknown-sector,Unknown,public/certificates/output/certificate_LANDOWNERS.png,UUID-MISSING-45,ATS-MISSING-45,45,unknown-sector,INS-UUID-MISSING-45
2026-05-12,unknown-sector,Unknown,public/certificates/output/certificate_MINERS.png,UUID-MISSING-46,ATS-MISSING-46,46,unknown-sector,INS-UUID-MISSING-46
2026-05-12,unknown-sector,Unknown,public/certificates/output/certificate_PARTNERS.png,UUID-MISSING-47,ATS-MISSING-47,47,unknown-sector,INS-UUID-MISSING-47
2026-05-12,unknown-sector,Unknown,public/certificates/output/certificate_STEEL.png,UUID-MISSING-48,ATS-MISSING-48,48,unknown-sector,INS-UUID-MISSING-48
2026-05-12,unknown-sector,Unknown,public/certificates/output/certificate_VETERANS.png,UUID-MISSING-49,ATS-MISSING-49,49,unknown-sector,INS-UUID-MISSING-49
2026-05-12,unknown-sector,Unknown,public/certificates/output/certificate_BANKING.png,UUID-MISSING-50,ATS-MISSING-50,50,unknown-sector,INS-UUID-MISSING-50
2026-05-12,unknown-sector,Unknown,public/certificates/output/certificate_CEMENT.png,UUID-MISSING-51,ATS-MISSING-51,51,unknown-sector,INS-UUID-MISSING-51
2026-05-12,unknown-sector,Unknown,public/certificates/output/certificate_COMMUNITY.png,UUID-MISSING-52,ATS-MISSING-52,52,unknown-sector,INS-UUID-MISSING-52
2026-05-12,unknown-sector,Unknown,public/certificates/output/certificate_COUNCILS.png,UUID-MISSING-53,ATS-MISSING-53,53,unknown-sector,INS-UUID-MISSING-53
2026-05-12,unknown-sector,Unknown,public/certificates/output/certificate_GOVERNMENT.png,UUID-MISSING-54,ATS-MISSING-54,54,unknown-sector,INS-UUID-MISSING-54
2026-05-12,unknown-sector,Unknown,public/certificates/output/certificate_HOUSING.png,UUID-MISSING-55,ATS-MISSING-55,55,unknown-sector,INS-UUID-MISSING-55
2026-05-12,unknown-sector,Unknown,public/certificates/output/certificate_INSURANCE.png,UUID-MISSING-56,ATS-MISSING-56,56,unknown-sector,INS-UUID-MISSING-56
2026-05-12,unknown-sector,Unknown,public/certificates/output/certificate_LANDOWNERS.png,UUID-MISSING-57,ATS-MISSING-57,57,unknown-sector,INS-UUID-MISSING-57
2026-05-12,unknown-sector,Unknown,public/certificates/output/certificate_MINERS.png,UUID-MISSING-58,ATS-MISSING-58,58,unknown-sector,INS-UUID-MISSING-58
2026-05-12,unknown-sector,Unknown,public/certificates/output/certificate_PARTNERS.png,UUID-MISSING-59,ATS-MISSING-59,59,unknown-sector,INS-UUID-MISSING-59
2026-05-12,unknown-sector,Unknown,public/certificates/output/certificate_STEEL.png,UUID-MISSING-60,ATS-MISSING-60,60,unknown-sector,INS-UUID-MISSING-60
2026-05-12,unknown-sector,Unknown,public/certificates/output/certificate_VETERANS.png,UUID-MISSING-61,ATS-MISSING-61,61,unknown-sector,INS-UUID-MISSING-61
2026-05-12,unknown-sector,Unknown,public/certificates/output/certificate_BANKING.png,UUID-MISSING-62,ATS-MISSING-62,62,unknown-sector,INS-UUID-MISSING-62
2026-05-12,unknown-sector,Unknown,public/certificates/output/certificate_CEMENT.png,UUID-MISSING-63,ATS-MISSING-63,63,unknown-sector,INS-UUID-MISSING-63
2026-05-12,unknown-sector,Unknown,public/certificates/output/certificate_COMMUNITY.png,UUID-MISSING-64,ATS-MISSING-64,64,unknown-sector,INS-UUID-MISSING-64
2026-05-12,unknown-sector,Unknown,public/certificates/output/certificate_COUNCILS.png,UUID-MISSING-65,ATS-MISSING-65,65,unknown-sector,INS-UUID-MISSING-65
2026-05-12,unknown-sector,Unknown,public/certificates/output/certificate_GOVERNMENT.png,UUID-MISSING-66,ATS-MISSING-66,66,unknown-sector,INS-UUID-MISSING-66
2026-05-12,unknown-sector,Unknown,public/certificates/output/certificate_HOUSING.png,UUID-MISSING-67,ATS-MISSING-67,67,unknown-sector,INS-UUID-MISSING-67
2026-05-12,unknown-sector,Unknown,public/certificates/output/certificate_INSURANCE.png,UUID-MISSING-68,ATS-MISSING-68,68,unknown-sector,INS-UUID-MISSING-68
2026-05-12,unknown-sector,Unknown,public/certificates/output/certificate_LANDOWNERS.png,UUID-MISSING-69,ATS-MISSING-69,69,unknown-sector,INS-UUID-MISSING-69
2026-05-12,unknown-sector,Unknown,public/certificates/output/certificate_MINERS.png,UUID-MISSING-70,ATS-MISSING-70,70,unknown-sector,INS-UUID-MISSING-70
2026-05-12,unknown-sector,Unknown,public/certificates/output/certificate_PARTNERS.png,UUID-MISSING-71,ATS-MISSING-71,71,unknown-sector,INS-UUID-MISSING-71
2026-05-12,unknown-sector,Unknown,public/certificates/output/certificate_STEEL.png,UUID-MISSING-72,ATS-MISSING-72,72,unknown-sector,INS-UUID-MISSING-72
2026-05-12,unknown-sector,Unknown,public/certificates/output/certificate_VETERANS.png,UUID-MISSING-73,ATS-MISSING-73,73,unknown-sector,INS-UUID-MISSING-73
2026-05-12,unknown-sector,Unknown,public/certificates/output/certificate_BANKING.png,UUID-MISSING-74,ATS-MISSING-74,74,unknown-sector,INS-UUID-MISSING-74
2026-05-12,unknown-sector,Unknown,public/certificates/output/certificate_CEMENT.png,UUID-MISSING-75,ATS-MISSING-75,75,unknown-sector,INS-UUID-MISSING-75
2026-05-12,unknown-sector,Unknown,public/certificates/output/certificate_COMMUNITY.png,UUID-MISSING-76,ATS-MISSING-76,76,unknown-sector,INS-UUID-MISSING-76
2026-05-12,unknown-sector,Unknown,public/certificates/output/certificate_COUNCILS.png,UUID-MISSING-77,ATS-MISSING-77,77,unknown-sector,INS-UUID-MISSING-77
2026-05-12,unknown-sector,Unknown,public/certificates/output/certificate_GOVERNMENT.png,UUID-MISSING-78,ATS-MISSING-78,78,unknown-sector,INS-UUID-MISSING-78
2026-05-12,unknown-sector,Unknown,public/certificates/output/certificate_HOUSING.png,UUID-MISSING-79,ATS-MISSING-79,79,unknown-sector,INS-UUID-MISSING-79
2026-05-12,unknown-sector,Unknown,public/certificates/output/certificate_INSURANCE.png,UUID-MISSING-80,ATS-MISSING-80,80,unknown-sector,INS-UUID-MISSING-80
2026-05-12,unknown-sector,Unknown,public/certificates/output/certificate_LANDOWNERS.png,UUID-MISSING-81,ATS-MISSING-81,81,unknown-sector,INS-UUID-MISSING-81
2026-05-12,unknown-sector,Unknown,public/certificates/output/certificate_MINERS.png,UUID-MISSING-82,ATS-MISSING-82,82,unknown-sector,INS-UUID-MISSING-82
2026-05-12,unknown-sector,Unknown,public/certificates/output/certificate_PARTNERS.png,UUID-MISSING-83,ATS-MISSING-83,83,unknown-sector,INS-UUID-MISSING-83
2026-05-12,unknown-sector,Unknown,public/certificates/output/certificate_STEEL.png,UUID-MISSING-84,ATS-MISSING-84,84,unknown-sector,INS-UUID-MISSING-84
2026-05-12,unknown-sector,Unknown,public/certificates/output/certificate_VETERANS.png,UUID-MISSING-85,ATS-MISSING-85,85,unknown-sector,INS-UUID-MISSING-85
2026-05-12,unknown-sector,Unknown,public/certificates/output/certificate_BANKING.png,UUID-MISSING-86,ATS-MISSING-86,86,unknown-sector,INS-UUID-MISSING-86
2026-05-12,unknown-sector,Unknown,public/certificates/output/certificate_CEMENT.png,UUID-MISSING-87,ATS-MISSING-87,87,unknown-sector,INS-UUID-MISSING-87
2026-05-12,unknown-sector,Unknown,public/certificates/output/certificate_COMMUNITY.png,UUID-MISSING-88,ATS-MISSING-88,88,unknown-sector,INS-UUID-MISSING-88
2026-05-12,unknown-sector,Unknown,public/certificates/output/certificate_COUNCILS.png,UUID-MISSING-89,ATS-MISSING-89,89,unknown-sector,INS-UUID-MISSING-89
2026-05-12,unknown-sector,Unknown,public/certificates/output/certificate_GOVERNMENT.png,UUID-MISSING-90,ATS-MISSING-90,90,unknown-sector,INS-UUID-MISSING-90
2026-05-12,unknown-sector,Unknown,public/certificates/output/certificate_HOUSING.png,UUID-MISSING-91,ATS-MISSING-91,91,unknown-sector,INS-UUID-MISSING-91
2026-05-12,unknown-sector,Unknown,public/certificates/output/certificate_INSURANCE.png,UUID-MISSING-92,ATS-MISSING-92,92,unknown-sector,INS-UUID-MISSING-92
2026-05-12,unknown-sector,Unknown,public/certificates/output/certificate_LANDOWNERS.png,UUID-MISSING-93,ATS-MISSING-93,93,unknown-sector,INS-UUID-MISSING-93
2026-05-12,unknown-sector,Unknown,public/certificates/output/certificate_MINERS.png,UUID-MISSING-94,ATS-MISSING-94,94,unknown-sector,INS-UUID-MISSING-94
2026-05-12,unknown-sector,Unknown,public/certificates/output/certificate_PARTNERS.png,UUID-MISSING-95,ATS-MISSING-95,95,unknown-sector,INS-UUID-MISSING-95
2026-05-12,unknown-sector,Unknown,public/certificates/output/certificate_STEEL.png,UUID-MISSING-96,ATS-MISSING-96,96,unknown-sector,INS-UUID-MISSING-96
2026-05-12,unknown-sector,Unknown,public/certificates/output/certificate_VETERANS.png,UUID-MISSING-97,ATS-MISSING-97,97,unknown-sector,INS-UUID-MISSING-97
2026-05-12,unknown-sector,Unknown,public/certificates/output/certificate_BANKING.png,UUID-MISSING-98,ATS-MISSING-98,98,unknown-sector,INS-UUID-MISSING-98
2026-05-12,unknown-sector,Unknown,public/certificates/output/certificate_CEMENT.png,UUID-MISSING-99,ATS-MISSING-99,99,unknown-sector,INS-UUID-MISSING-99
2026-05-12,unknown-sector,Unknown,public/certificates/output/certificate_COMMUNITY.png,UUID-MISSING-100,ATS-MISSING-100,100,unknown-sector,INS-UUID-MISSING-100
2026-05-12,unknown-sector,Unknown,public/certificates/output/certificate_COUNCILS.png,UUID-MISSING-101,ATS-MISSING-101,101,unknown-sector,INS-UUID-MISSING-101
2026-05-12,unknown-sector,Unknown,public/certificates/output/certificate_GOVERNMENT.png,UUID-MISSING-102,ATS-MISSING-102,102,unknown-sector,INS-UUID-MISSING-102
2026-05-12,unknown-sector,Unknown,public/certificates/output/certificate_HOUSING.png,UUID-MISSING-103,ATS-MISSING-103,103,unknown-sector,INS-UUID-MISSING-103
2026-05-12,unknown-sector,Unknown,public/certificates/output/certificate_INSURANCE.png,UUID-MISSING-104,ATS-MISSING-104,104,unknown-sector,INS-UUID-MISSING-104
2026-05-12,unknown-sector,Unknown,public/certificates/output/certificate_LANDOWNERS.png,UUID-MISSING-105,ATS-MISSING-105,105,unknown-sector,INS-UUID-MISSING-105
2026-05-12,unknown-sector,Unknown,public/certificates/output/certificate_MINERS.png,UUID-MISSING-106,ATS-MISSING-106,106,unknown-sector,INS-UUID-MISSING-106
2026-05-12,unknown-sector,Unknown,public/certificates/output/certificate_PARTNERS.png,UUID-MISSING-107,ATS-MISSING-107,107,unknown-sector,INS-UUID-MISSING-107
2026-05-12,unknown-sector,Unknown,public/certificates/output/certificate_STEEL.png,UUID-MISSING-108,ATS-MISSING-108,108,unknown-sector,INS-UUID-MISSING-108
2026-05-12,unknown-sector,Unknown,public/certificates/output/certificate_VETERANS.png,UUID-MISSING-109,ATS-MISSING-109,109,unknown-sector,INS-UUID-MISSING-109
2026-05-12,unknown-sector,Unknown,public/certificates/output/certificate_BANKING.png,UUID-MISSING-110,ATS-MISSING-110,110,unknown-sector,INS-UUID-MISSING-110
2026-05-12,unknown-sector,Unknown,public/certificates/output/certificate_CEMENT.png,UUID-MISSING-111,ATS-MISSING-111,111,unknown-sector,INS-UUID-MISSING-111
2026-05-12,unknown-sector,Unknown,public/certificates/output/certificate_COMMUNITY.png,UUID-MISSING-112,ATS-MISSING-112,112,unknown-sector,INS-UUID-MISSING-112
2026-05-12,unknown-sector,Unknown,public/certificates/output/certificate_COUNCILS.png,UUID-MISSING-113,ATS-MISSING-113,113,unknown-sector,INS-UUID-MISSING-113
2026-05-12,unknown-sector,Unknown,public/certificates/output/certificate_GOVERNMENT.png,UUID-MISSING-114,ATS-MISSING-114,114,unknown-sector,INS-UUID-MISSING-114
2026-05-12,unknown-sector,Unknown,public/certificates/output/certificate_HOUSING.png,UUID-MISSING-115,ATS-MISSING-115,115,unknown-sector,INS-UUID-MISSING-115
2026-05-12,unknown-sector,Unknown,public/certificates/output/certificate_INSURANCE.png,UUID-MISSING-116,ATS-MISSING-116,116,unknown-sector,INS-UUID-MISSING-116
2026-05-12,unknown-sector,Unknown,public/certificates/output/certificate_LANDOWNERS.png,UUID-MISSING-117,ATS-MISSING-117,117,unknown-sector,INS-UUID-MISSING-117
2026-05-12,unknown-sector,Unknown,public/certificates/output/certificate_MINERS.png,UUID-MISSING-118,ATS-MISSING-118,118,unknown-sector,INS-UUID-MISSING-118
2026-05-12,unknown-sector,Unknown,public/certificates/output/certificate_PARTNERS.png,UUID-MISSING-119,ATS-MISSING-119,119,unknown-sector,INS-UUID-MISSING-119
2026-05-12,unknown-sector,Unknown,public/certificates/output/certificate_STEEL.png,UUID-MISSING-120,ATS-MISSING-120,120,unknown-sector,INS-UUID-MISSING-120
2026-05-12,unknown-sector,Unknown,public/certificates/output/certificate_VETERANS.png,UUID-MISSING-121,ATS-MISSING-121,121,unknown-sector,INS-UUID-MISSING-121
2026-05-12,unknown-sector,Unknown,public/certificates/output/certificate_BANKING.png,UUID-MISSING-122,ATS-MISSING-122,122,unknown-sector,INS-UUID-MISSING-122
2026-05-12,unknown-sector,Unknown,public/certificates/output/certificate_CEMENT.png,UUID-MISSING-123,ATS-MISSING-123,123,unknown-sector,INS-UUID-MISSING-123
2026-05-12,unknown-sector,Unknown,public/certificates/output/certificate_COMMUNITY.png,UUID-MISSING-124,ATS-MISSING-124,124,unknown-sector,INS-UUID-MISSING-124
2026-05-12,unknown-sector,Unknown,public/certificates/output/certificate_COUNCILS.png,UUID-MISSING-125,ATS-MISSING-125,125,unknown-sector,INS-UUID-MISSING-125
2026-05-12,unknown-sector,Unknown,public/certificates/output/certificate_GOVERNMENT.png,UUID-MISSING-126,ATS-MISSING-126,126,unknown-sector,INS-UUID-MISSING-126
2026-05-12,unknown-sector,Unknown,public/certificates/output/certificate_HOUSING.png,UUID-MISSING-127,ATS-MISSING-127,127,unknown-sector,INS-UUID-MISSING-127
2026-05-12,unknown-sector,Unknown,public/certificates/output/certificate_INSURANCE.png,UUID-MISSING-128,ATS-MISSING-128,128,unknown-sector,INS-UUID-MISSING-128
2026-05-12,unknown-sector,Unknown,public/certificates/output/certificate_LANDOWNERS.png,UUID-MISSING-129,ATS-MISSING-129,129,unknown-sector,INS-UUID-MISSING-129
2026-05-12,unknown-sector,Unknown,public/certificates/output/certificate_MINERS.png,UUID-MISSING-130,ATS-MISSING-130,130,unknown-sector,INS-UUID-MISSING-130
2026-05-12,unknown-sector,Unknown,public/certificates/output/certificate_PARTNERS.png,UUID-MISSING-131,ATS-MISSING-131,131,unknown-sector,INS-UUID-MISSING-131
2026-05-12,unknown-sector,Unknown,public/certificates/output/certificate_STEEL.png,UUID-MISSING-132,ATS-MISSING-132,132,unknown-sector,INS-UUID-MISSING-132
2026-05-12,unknown-sector,Unknown,public/certificates/output/certificate_VETERANS.png,UUID-MISSING-133,ATS-MISSING-133,133,unknown-sector,INS-UUID-MISSING-133
2026-05-12,unknown-sector,Unknown,public/certificates/output/certificate_BANKING.png,UUID-MISSING-134,ATS-MISSING-134,134,unknown-sector,INS-UUID-MISSING-134
2026-05-12,unknown-sector,Unknown,public/certificates/output/certificate_CEMENT.png,UUID-MISSING-135,ATS-MISSING-135,135,unknown-sector,INS-UUID-MISSING-135
2026-05-12,unknown-sector,Unknown,public/certificates/output/certificate_COMMUNITY.png,UUID-MISSING-136,ATS-MISSING-136,136,unknown-sector,INS-UUID-MISSING-136
2026-05-12,unknown-sector,Unknown,public/certificates/output/certificate_COUNCILS.png,UUID-MISSING-137,ATS-MISSING-137,137,unknown-sector,INS-UUID-MISSING-137
2026-05-12,unknown-sector,Unknown,public/certificates/output/certificate_GOVERNMENT.png,UUID-MISSING-138,ATS-MISSING-138,138,unknown-sector,INS-UUID-MISSING-138
2026-05-12,unknown-sector,Unknown,public/certificates/output/certificate_HOUSING.png,UUID-MISSING-139,ATS-MISSING-139,139,unknown-sector,INS-UUID-MISSING-139
2026-05-12,unknown-sector,Unknown,public/certificates/output/certificate_INSURANCE.png,UUID-MISSING-140,ATS-MISSING-140,140,unknown-sector,INS-UUID-MISSING-140
2026-05-12,unknown-sector,Unknown,public/certificates/output/certificate_LANDOWNERS.png,UUID-MISSING-141,ATS-MISSING-141,141,unknown-sector,INS-UUID-MISSING-141
2026-05-12,unknown-sector,Unknown,public/certificates/output/certificate_MINERS.png,UUID-MISSING-142,ATS-MISSING-142,142,unknown-sector,INS-UUID-MISSING-142
2026-05-12,unknown-sector,Unknown,public/certificates/output/certificate_PARTNERS.png,UUID-MISSING-143,ATS-MISSING-143,143,unknown-sector,INS-UUID-MISSING-143
2026-05-12,unknown-sector,Unknown,public/certificates/output/certificate_STEEL.png,UUID-MISSING-144,ATS-MISSING-144,144,unknown-sector,INS-UUID-MISSING-144
2026-05-12,unknown-sector,Unknown,public/certificates/output/certificate_VETERANS.png,UUID-MISSING-145,ATS-MISSING-145,145,unknown-sector,INS-UUID-MISSING-145
2026-05-12,unknown-sector,Unknown,public/certificates/output/certificate_BANKING.png,UUID-MISSING-146,ATS-MISSING-146,146,unknown-sector,INS-UUID-MISSING-146
2026-05-12,unknown-sector,Unknown,public/certificates/output/certificate_CEMENT.png,UUID-MISSING-147,ATS-MISSING-147,147,unknown-sector,INS-UUID-MISSING-147
2026-05-12,unknown-sector,Unknown,public/certificates/output/certificate_COMMUNITY.png,UUID-MISSING-148,ATS-MISSING-148,148,unknown-sector,INS-UUID-MISSING-148
2026-05-12,unknown-sector,Unknown,public/certificates/output/certificate_COUNCILS.png,UUID-MISSING-149,ATS-MISSING-149,149,unknown-sector,INS-UUID-MISSING-149
2026-05-12,unknown-sector,Unknown,public/certificates/output/certificate_GOVERNMENT.png,UUID-MISSING-150,ATS-MISSING-150,150,unknown-sector,INS-UUID-MISSING-150
2026-05-12,unknown-sector,Unknown,public/certificates/output/certificate_HOUSING.png,UUID-MISSING-151,ATS-MISSING-151,151,unknown-sector,INS-UUID-MISSING-151
2026-05-12,unknown-sector,Unknown,public/certificates/output/certificate_INSURANCE.png,UUID-MISSING-152,ATS-MISSING-152,152,unknown-sector,INS-UUID-MISSING-152
2026-05-12,unknown-sector,Unknown,public/certificates/output/certificate_LANDOWNERS.png,UUID-MISSING-153,ATS-MISSING-153,153,unknown-sector,INS-UUID-MISSING-153
2026-05-12,unknown-sector,Unknown,public/certificates/output/certificate_MINERS.png,UUID-MISSING-154,ATS-MISSING-154,154,unknown-sector,INS-UUID-MISSING-154
2026-05-12,unknown-sector,Unknown,public/certificates/output/certificate_PARTNERS.png,UUID-MISSING-155,ATS-MISSING-155,155,unknown-sector,INS-UUID-MISSING-155
2026-05-12,unknown-sector,Unknown,public/certificates/output/certificate_STEEL.png,UUID-MISSING-156,ATS-MISSING-156,156,unknown-sector,INS-UUID-MISSING-156
2026-05-12,unknown-sector,Unknown,public/certificates/output/certificate_VETERANS.png,UUID-MISSING-157,ATS-MISSING-157,157,unknown-sector,INS-UUID-MISSING-157
2026-05-12,unknown-sector,Unknown,public/certificates/output/certificate_BANKING.png,UUID-MISSING-158,ATS-MISSING-158,158,unknown-sector,INS-UUID-MISSING-158
2026-05-12,unknown-sector,Unknown,public/certificates/output/certificate_CEMENT.png,UUID-MISSING-159,ATS-MISSING-159,159,unknown-sector,INS-UUID-MISSING-159
2026-05-12,unknown-sector,Unknown,public/certificates/output/certificate_COMMUNITY.png,UUID-MISSING-160,ATS-MISSING-160,160,unknown-sector,INS-UUID-MISSING-160
2026-05-12,unknown-sector,Unknown,public/certificates/output/certificate_COUNCILS.png,UUID-MISSING-161,ATS-MISSING-161,161,unknown-sector,INS-UUID-MISSING-161
2026-05-12,unknown-sector,Unknown,public/certificates/output/certificate_GOVERNMENT.png,UUID-MISSING-162,ATS-MISSING-162,162,unknown-sector,INS-UUID-MISSING-162
2026-05-12,unknown-sector,Unknown,public/certificates/output/certificate_HOUSING.png,UUID-MISSING-163,ATS-MISSING-163,163,unknown-sector,INS-UUID-MISSING-163
2026-05-12,unknown-sector,Unknown,public/certificates/output/certificate_INSURANCE.png,UUID-MISSING-164,ATS-MISSING-164,164,unknown-sector,INS-UUID-MISSING-164
2026-05-12,unknown-sector,Unknown,public/certificates/output/certificate_LANDOWNERS.png,UUID-MISSING-165,ATS-MISSING-165,165,unknown-sector,INS-UUID-MISSING-165
2026-05-12,unknown-sector,Unknown,public/certificates/output/certificate_MINERS.png,UUID-MISSING-166,ATS-MISSING-166,166,unknown-sector,INS-UUID-MISSING-166
2026-05-12,unknown-sector,Unknown,public/certificates/output/certificate_PARTNERS.png,UUID-MISSING-167,ATS-MISSING-167,167,unknown-sector,INS-UUID-MISSING-167
2026-05-12,unknown-sector,Unknown,public/certificates/output/certificate_STEEL.png,UUID-MISSING-168,ATS-MISSING-168,168,unknown-sector,INS-UUID-MISSING-168
2026-05-12,unknown-sector,Unknown,public/certificates/output/certificate_VETERANS.png,UUID-MISSING-169,ATS-MISSING-169,169,unknown-sector,INS-UUID-MISSING-169
2026-05-12,unknown-sector,Unknown,public/certificates/output/certificate_BANKING.png,UUID-MISSING-170,ATS-MISSING-170,170,unknown-sector,INS-UUID-MISSING-170
2026-05-12,unknown-sector,Unknown,public/certificates/output/certificate_CEMENT.png,UUID-MISSING-171,ATS-MISSING-171,171,unknown-sector,INS-UUID-MISSING-171
2026-05-12,unknown-sector,Unknown,public/certificates/output/certificate_COMMUNITY.png,UUID-MISSING-172,ATS-MISSING-172,172,unknown-sector,INS-UUID-MISSING-172
2026-05-12,unknown-sector,Unknown,public/certificates/output/certificate_COUNCILS.png,UUID-MISSING-173,ATS-MISSING-173,173,unknown-sector,INS-UUID-MISSING-173
2026-05-12,unknown-sector,Unknown,public/certificates/output/certificate_GOVERNMENT.png,UUID-MISSING-174,ATS-MISSING-174,174,unknown-sector,INS-UUID-MISSING-174
2026-05-12,unknown-sector,Unknown,public/certificates/output/certificate_HOUSING.png,UUID-MISSING-175,ATS-MISSING-175,175,unknown-sector,INS-UUID-MISSING-175
2026-05-12,unknown-sector,Unknown,public/certificates/output/certificate_INSURANCE.png,UUID-MISSING-176,ATS-MISSING-176,176,unknown-sector,INS-UUID-MISSING-176
2026-05-12,unknown-sector,Unknown,public/certificates/output/certificate_LANDOWNERS.png,UUID-MISSING-177,ATS-MISSING-177,177,unknown-sector,INS-UUID-MISSING-177
2026-05-12,unknown-sector,Unknown,public/certificates/output/certificate_MINERS.png,UUID-MISSING-178,ATS-MISSING-178,178,unknown-sector,INS-UUID-MISSING-178
2026-05-12,unknown-sector,Unknown,public/certificates/output/certificate_PARTNERS.png,UUID-MISSING-179,ATS-MISSING-179,179,unknown-sector,INS-UUID-MISSING-179
2026-05-12,unknown-sector,Unknown,public/certificates/output/certificate_STEEL.png,UUID-MISSING-180,ATS-MISSING-180,180,unknown-sector,INS-UUID-MISSING-180
2026-05-12,unknown-sector,Unknown,public/certificates/output/certificate_VETERANS.png,UUID-MISSING-181,ATS-MISSING-181,181,unknown-sector,INS-UUID-MISSING-181
2026-05-12,unknown-sector,Unknown,public/certificates/output/certificate_BANKING.png,UUID-MISSING-182,ATS-MISSING-182,182,unknown-sector,INS-UUID-MISSING-182
2026-05-12,unknown-sector,Unknown,public/certificates/output/certificate_CEMENT.png,UUID-MISSING-183,ATS-MISSING-183,183,unknown-sector,INS-UUID-MISSING-183
2026-05-12,unknown-sector,Unknown,public/certificates/output/certificate_COMMUNITY.png,UUID-MISSING-184,ATS-MISSING-184,184,unknown-sector,INS-UUID-MISSING-184
2026-05-12,unknown-sector,Unknown,public/certificates/output/certificate_COUNCILS.png,UUID-MISSING-185,ATS-MISSING-185,185,unknown-sector,INS-UUID-MISSING-185
2026-05-12,unknown-sector,Unknown,public/certificates/output/certificate_GOVERNMENT.png,UUID-MISSING-186,ATS-MISSING-186,186,unknown-sector,INS-UUID-MISSING-186
2026-05-12,unknown-sector,Unknown,public/certificates/output/certificate_HOUSING.png,UUID-MISSING-187,ATS-MISSING-187,187,unknown-sector,INS-UUID-MISSING-187
2026-05-12,unknown-sector,Unknown,public/certificates/output/certificate_INSURANCE.png,UUID-MISSING-188,ATS-MISSING-188,188,unknown-sector,INS-UUID-MISSING-188
2026-05-12,unknown-sector,Unknown,public/certificates/output/certificate_LANDOWNERS.png,UUID-MISSING-189,ATS-MISSING-189,189,unknown-sector,INS-UUID-MISSING-189
2026-05-12,unknown-sector,Unknown,public/certificates/output/certificate_MINERS.png,UUID-MISSING-190,ATS-MISSING-190,190,unknown-sector,INS-UUID-MISSING-190
2026-05-12,unknown-sector,Unknown,public/certificates/output/certificate_PARTNERS.png,UUID-MISSING-191,ATS-MISSING-191,191,unknown-sector,INS-UUID-MISSING-191
2026-05-12,unknown-sector,Unknown,public/certificates/output/certificate_STEEL.png,UUID-MISSING-192,ATS-MISSING-192,192,unknown-sector,INS-UUID-MISSING-192
2026-05-12,unknown-sector,Unknown,public/certificates/output/certificate_VETERANS.png,UUID-MISSING-193,ATS-MISSING-193,193,unknown-sector,INS-UUID-MISSING-193
2026-05-13,unknown-sector,Unknown,public/certificates/output/certificate_BANKING.png,UUID-MISSING-194,ATS-MISSING-194,194,unknown-sector,INS-UUID-MISSING-194
2026-05-13,unknown-sector,Unknown,public/certificates/output/certificate_CEMENT.png,UUID-MISSING-195,ATS-MISSING-195,195,unknown-sector,INS-UUID-MISSING-195
2026-05-13,unknown-sector,Unknown,public/certificates/output/certificate_COMMUNITY.png,UUID-MISSING-196,ATS-MISSING-196,196,unknown-sector,INS-UUID-MISSING-196
2026-05-13,unknown-sector,Unknown,public/certificates/output/certificate_COUNCILS.png,UUID-MISSING-197,ATS-MISSING-197,197,unknown-sector,INS-UUID-MISSING-197
2026-05-13,unknown-sector,Unknown,public/certificates/output/certificate_GOVERNMENT.png,UUID-MISSING-198,ATS-MISSING-198,198,unknown-sector,INS-UUID-MISSING-198
2026-05-13,unknown-sector,Unknown,public/certificates/output/certificate_HOUSING.png,UUID-MISSING-199,ATS-MISSING-199,199,unknown-sector,INS-UUID-MISSING-199
2026-05-13,unknown-sector,Unknown,public/certificates/output/certificate_INSURANCE.png,UUID-MISSING-200,ATS-MISSING-200,200,unknown-sector,INS-UUID-MISSING-200
2026-05-13,unknown-sector,Unknown,public/certificates/output/certificate_LANDOWNERS.png,UUID-MISSING-201,ATS-MISSING-201,201,unknown-sector,INS-UUID-MISSING-201
2026-05-13,unknown-sector,Unknown,public/certificates/output/certificate_MINERS.png,UUID-MISSING-202,ATS-MISSING-202,202,unknown-sector,INS-UUID-MISSING-202
2026-05-13,unknown-sector,Unknown,public/certificates/output/certificate_PARTNERS.png,UUID-MISSING-203,ATS-MISSING-203,203,unknown-sector,INS-UUID-MISSING-203
2026-05-13,unknown-sector,Unknown,public/certificates/output/certificate_STEEL.png,UUID-MISSING-204,ATS-MISSING-204,204,unknown-sector,INS-UUID-MISSING-204
2026-05-13,unknown-sector,Unknown,public/certificates/output/certificate_VETERANS.png,UUID-MISSING-205,ATS-MISSING-205,205,unknown-sector,INS-UUID-MISSING-205
2026-05-13,unknown-sector,Unknown,public/certificates/output/certificate_BANKING.png,UUID-MISSING-206,ATS-MISSING-206,206,unknown-sector,INS-UUID-MISSING-206
2026-05-13,unknown-sector,Unknown,public/certificates/output/certificate_CEMENT.png,UUID-MISSING-207,ATS-MISSING-207,207,unknown-sector,INS-UUID-MISSING-207
2026-05-13,unknown-sector,Unknown,public/certificates/output/certificate_COMMUNITY.png,UUID-MISSING-208,ATS-MISSING-208,208,unknown-sector,INS-UUID-MISSING-208
2026-05-13,unknown-sector,Unknown,public/certificates/output/certificate_COUNCILS.png,UUID-MISSING-209,ATS-MISSING-209,209,unknown-sector,INS-UUID-MISSING-209
2026-05-13,unknown-sector,Unknown,public/certificates/output/certificate_GOVERNMENT.png,UUID-MISSING-210,ATS-MISSING-210,210,unknown-sector,INS-UUID-MISSING-210
2026-05-13,unknown-sector,Unknown,public/certificates/output/certificate_HOUSING.png,UUID-MISSING-211,ATS-MISSING-211,211,unknown-sector,INS-UUID-MISSING-211
2026-05-13,unknown-sector,Unknown,public/certificates/output/certificate_INSURANCE.png,UUID-MISSING-212,ATS-MISSING-212,212,unknown-sector,INS-UUID-MISSING-212
2026-05-13,unknown-sector,Unknown,public/certificates/output/certificate_LANDOWNERS.png,UUID-MISSING-213,ATS-MISSING-213,213,unknown-sector,INS-UUID-MISSING-213
2026-05-13,unknown-sector,Unknown,public/certificates/output/certificate_MINERS.png,UUID-MISSING-214,ATS-MISSING-214,214,unknown-sector,INS-UUID-MISSING-214
2026-05-13,unknown-sector,Unknown,public/certificates/output/certificate_PARTNERS.png,UUID-MISSING-215,ATS-MISSING-215,215,unknown-sector,INS-UUID-MISSING-215
2026-05-13,unknown-sector,Unknown,public/certificates/output/certificate_STEEL.png,UUID-MISSING-216,ATS-MISSING-216,216,unknown-sector,INS-UUID-MISSING-216
2026-05-13,unknown-sector,Unknown,public/certificates/output/certificate_VETERANS.png,UUID-MISSING-217,ATS-MISSING-217,217,unknown-sector,INS-UUID-MISSING-217
2026-05-13,unknown-sector,Unknown,public/certificates/output/certificate_BANKING.png,UUID-MISSING-218,ATS-MISSING-218,218,unknown-sector,INS-UUID-MISSING-218
2026-05-13,unknown-sector,Unknown,public/certificates/output/certificate_CEMENT.png,UUID-MISSING-219,ATS-MISSING-219,219,unknown-sector,INS-UUID-MISSING-219
2026-05-13,unknown-sector,Unknown,public/certificates/output/certificate_COMMUNITY.png,UUID-MISSING-220,ATS-MISSING-220,220,unknown-sector,INS-UUID-MISSING-220
2026-05-13,unknown-sector,Unknown,public/certificates/output/certificate_COUNCILS.png,UUID-MISSING-221,ATS-MISSING-221,221,unknown-sector,INS-UUID-MISSING-221
2026-05-13,unknown-sector,Unknown,public/certificates/output/certificate_GOVERNMENT.png,UUID-MISSING-222,ATS-MISSING-222,222,unknown-sector,INS-UUID-MISSING-222
2026-05-13,unknown-sector,Unknown,public/certificates/output/certificate_HOUSING.png,UUID-MISSING-223,ATS-MISSING-223,223,unknown-sector,INS-UUID-MISSING-223
2026-05-13,unknown-sector,Unknown,public/certificates/output/certificate_INSURANCE.png,UUID-MISSING-224,ATS-MISSING-224,224,unknown-sector,INS-UUID-MISSING-224
2026-05-13,unknown-sector,Unknown,public/certificates/output/certificate_LANDOWNERS.png,UUID-MISSING-225,ATS-MISSING-225,225,unknown-sector,INS-UUID-MISSING-225
2026-05-13,unknown-sector,Unknown,public/certificates/output/certificate_MINERS.png,UUID-MISSING-226,ATS-MISSING-226,226,unknown-sector,INS-UUID-MISSING-226
2026-05-13,unknown-sector,Unknown,public/certificates/output/certificate_PARTNERS.png,UUID-MISSING-227,ATS-MISSING-227,227,unknown-sector,INS-UUID-MISSING-227
2026-05-13,unknown-sector,Unknown,public/certificates/output/certificate_STEEL.png,UUID-MISSING-228,ATS-MISSING-228,228,unknown-sector,INS-UUID-MISSING-228
2026-05-13,unknown-sector,Unknown,public/certificates/output/certificate_VETERANS.png,UUID-MISSING-229,ATS-MISSING-229,229,unknown-sector,INS-UUID-MISSING-229
2026-05-14,unknown-sector,Unknown,public/certificates/output/certificate_BANKING.png,UUID-MISSING-230,ATS-MISSING-230,230,unknown-sector,INS-UUID-MISSING-230
2026-05-14,unknown-sector,Unknown,public/certificates/output/certificate_CEMENT.png,UUID-MISSING-231,ATS-MISSING-231,231,unknown-sector,INS-UUID-MISSING-231
2026-05-14,unknown-sector,Unknown,public/certificates/output/certificate_COMMUNITY.png,UUID-MISSING-232,ATS-MISSING-232,232,unknown-sector,INS-UUID-MISSING-232
2026-05-14,unknown-sector,Unknown,public/certificates/output/certificate_COUNCILS.png,UUID-MISSING-233,ATS-MISSING-233,233,unknown-sector,INS-UUID-MISSING-233
2026-05-14,unknown-sector,Unknown,public/certificates/output/certificate_GOVERNMENT.png,UUID-MISSING-234,ATS-MISSING-234,234,unknown-sector,INS-UUID-MISSING-234
2026-05-14,unknown-sector,Unknown,public/certificates/output/certificate_HOUSING.png,UUID-MISSING-235,ATS-MISSING-235,235,unknown-sector,INS-UUID-MISSING-235
2026-05-14,unknown-sector,Unknown,public/certificates/output/certificate_INSURANCE.png,UUID-MISSING-236,ATS-MISSING-236,236,unknown-sector,INS-UUID-MISSING-236
2026-05-14,unknown-sector,Unknown,public/certificates/output/certificate_LANDOWNERS.png,UUID-MISSING-237,ATS-MISSING-237,237,unknown-sector,INS-UUID-MISSING-237
2026-05-14,unknown-sector,Unknown,public/certificates/output/certificate_MINERS.png,UUID-MISSING-238,ATS-MISSING-238,238,unknown-sector,INS-UUID-MISSING-238
2026-05-14,unknown-sector,Unknown,public/certificates/output/certificate_PARTNERS.png,UUID-MISSING-239,ATS-MISSING-239,239,unknown-sector,INS-UUID-MISSING-239
2026-05-14,unknown-sector,Unknown,public/certificates/output/certificate_STEEL.png,UUID-MISSING-240,ATS-MISSING-240,240,unknown-sector,INS-UUID-MISSING-240
2026-05-14,unknown-sector,Unknown,public/certificates/output/certificate_VETERANS.png,UUID-MISSING-241,ATS-MISSING-241,241,unknown-sector,INS-UUID-MISSING-241
2026-05-14,unknown-sector,Unknown,public/certificates/output/certificate_BANKING.png,UUID-MISSING-242,ATS-MISSING-242,242,unknown-sector,INS-UUID-MISSING-242
2026-05-14,unknown-sector,Unknown,public/certificates/output/certificate_CEMENT.png,UUID-MISSING-243,ATS-MISSING-243,243,unknown-sector,INS-UUID-MISSING-243
2026-05-14,unknown-sector,Unknown,public/certificates/output/certificate_COMMUNITY.png,UUID-MISSING-244,ATS-MISSING-244,244,unknown-sector,INS-UUID-MISSING-244
2026-05-14,unknown-sector,Unknown,public/certificates/output/certificate_COUNCILS.png,UUID-MISSING-245,ATS-MISSING-245,245,unknown-sector,INS-UUID-MISSING-245
2026-05-14,unknown-sector,Unknown,public/certificates/output/certificate_GOVERNMENT.png,UUID-MISSING-246,ATS-MISSING-246,246,unknown-sector,INS-UUID-MISSING-246
2026-05-14,unknown-sector,Unknown,public/certificates/output/certificate_HOUSING.png,UUID-MISSING-247,ATS-MISSING-247,247,unknown-sector,INS-UUID-MISSING-247
2026-05-14,unknown-sector,Unknown,public/certificates/output/certificate_INSURANCE.png,UUID-MISSING-248,ATS-MISSING-248,248,unknown-sector,INS-UUID-MISSING-248
2026-05-14,unknown-sector,Unknown,public/certificates/output/certificate_LANDOWNERS.png,UUID-MISSING-249,ATS-MISSING-249,249,unknown-sector,INS-UUID-MISSING-249
2026-05-14,unknown-sector,Unknown,public/certificates/output/certificate_MINERS.png,UUID-MISSING-250,ATS-MISSING-250,250,unknown-sector,INS-UUID-MISSING-250
2026-05-14,unknown-sector,Unknown,public/certificates/output/certificate_PARTNERS.png,UUID-MISSING-251,ATS-MISSING-251,251,unknown-sector,INS-UUID-MISSING-251
2026-05-14,unknown-sector,Unknown,public/certificates/output/certificate_STEEL.png,UUID-MISSING-252,ATS-MISSING-252,252,unknown-sector,INS-UUID-MISSING-252
2026-05-14,unknown-sector,Unknown,public/certificates/output/certificate_VETERANS.png,UUID-MISSING-253,ATS-MISSING-253,253,unknown-sector,INS-UUID-MISSING-253
2026-05-14,unknown-sector,Unknown,public/certificates/output/certificate_BANKING.png,UUID-MISSING-254,ATS-MISSING-254,254,unknown-sector,INS-UUID-MISSING-254
2026-05-14,unknown-sector,Unknown,public/certificates/output/certificate_CEMENT.png,UUID-MISSING-255,ATS-MISSING-255,255,unknown-sector,INS-UUID-MISSING-255
2026-05-14,unknown-sector,Unknown,public/certificates/output/certificate_COMMUNITY.png,UUID-MISSING-256,ATS-MISSING-256,256,unknown-sector,INS-UUID-MISSING-256
2026-05-14,unknown-sector,Unknown,public/certificates/output/certificate_COUNCILS.png,UUID-MISSING-257,ATS-MISSING-257,257,unknown-sector,INS-UUID-MISSING-257
2026-05-14,unknown-sector,Unknown,public/certificates/output/certificate_GOVERNMENT.png,UUID-MISSING-258,ATS-MISSING-258,258,unknown-sector,INS-UUID-MISSING-258
2026-05-14,unknown-sector,Unknown,public/certificates/output/certificate_HOUSING.png,UUID-MISSING-259,ATS-MISSING-259,259,unknown-sector,INS-UUID-MISSING-259
2026-05-14,unknown-sector,Unknown,public/certificates/output/certificate_INSURANCE.png,UUID-MISSING-260,ATS-MISSING-260,260,unknown-sector,INS-UUID-MISSING-260
2026-05-14,unknown-sector,Unknown,public/certificates/output/certificate_LANDOWNERS.png,UUID-MISSING-261,ATS-MISSING-261,261,unknown-sector,INS-UUID-MISSING-261
2026-05-14,unknown-sector,Unknown,public/certificates/output/certificate_MINERS.png,UUID-MISSING-262,ATS-MISSING-262,262,unknown-sector,INS-UUID-MISSING-262
2026-05-14,unknown-sector,Unknown,public/certificates/output/certificate_PARTNERS.png,UUID-MISSING-263,ATS-MISSING-263,263,unknown-sector,INS-UUID-MISSING-263
2026-05-14,unknown-sector,Unknown,public/certificates/output/certificate_STEEL.png,UUID-MISSING-264,ATS-MISSING-264,264,unknown-sector,INS-UUID-MISSING-264
2026-05-14,unknown-sector,Unknown,public/certificates/output/certificate_VETERANS.png,UUID-MISSING-265,ATS-MISSING-265,265,unknown-sector,INS-UUID-MISSING-265
2026-05-14,unknown-sector,Unknown,public/certificates/output/certificate_BANKING.png,UUID-MISSING-266,ATS-MISSING-266,266,unknown-sector,INS-UUID-MISSING-266
2026-05-14,unknown-sector,Unknown,public/certificates/output/certificate_CEMENT.png,UUID-MISSING-267,ATS-MISSING-267,267,unknown-sector,INS-UUID-MISSING-267
2026-05-14,unknown-sector,Unknown,public/certificates/output/certificate_COMMUNITY.png,UUID-MISSING-268,ATS-MISSING-268,268,unknown-sector,INS-UUID-MISSING-268
2026-05-14,unknown-sector,Unknown,public/certificates/output/certificate_COUNCILS.png,UUID-MISSING-269,ATS-MISSING-269,269,unknown-sector,INS-UUID-MISSING-269
2026-05-14,unknown-sector,Unknown,public/certificates/output/certificate_GOVERNMENT.png,UUID-MISSING-270,ATS-MISSING-270,270,unknown-sector,INS-UUID-MISSING-270
2026-05-14,unknown-sector,Unknown,public/certificates/output/certificate_HOUSING.png,UUID-MISSING-271,ATS-MISSING-271,271,unknown-sector,INS-UUID-MISSING-271
2026-05-14,unknown-sector,Unknown,public/certificates/output/certificate_INSURANCE.png,UUID-MISSING-272,ATS-MISSING-272,272,unknown-sector,INS-UUID-MISSING-272
2026-05-14,unknown-sector,Unknown,public/certificates/output/certificate_LANDOWNERS.png,UUID-MISSING-273,ATS-MISSING-273,273,unknown-sector,INS-UUID-MISSING-273
2026-05-14,unknown-sector,Unknown,public/certificates/output/certificate_MINERS.png,UUID-MISSING-274,ATS-MISSING-274,274,unknown-sector,INS-UUID-MISSING-274
2026-05-14,unknown-sector,Unknown,public/certificates/output/certificate_PARTNERS.png,UUID-MISSING-275,ATS-MISSING-275,275,unknown-sector,INS-UUID-MISSING-275
2026-05-14,unknown-sector,Unknown,public/certificates/output/certificate_STEEL.png,UUID-MISSING-276,ATS-MISSING-276,276,unknown-sector,INS-UUID-MISSING-276
2026-05-14,unknown-sector,Unknown,public/certificates/output/certificate_VETERANS.png,UUID-MISSING-277,ATS-MISSING-277,277,unknown-sector,INS-UUID-MISSING-277
2026-05-14,unknown-sector,Unknown,public/certificates/output/certificate_BANKING.png,UUID-MISSING-278,ATS-MISSING-278,278,unknown-sector,INS-UUID-MISSING-278
2026-05-14,unknown-sector,Unknown,public/certificates/output/certificate_CEMENT.png,UUID-MISSING-279,ATS-MISSING-279,279,unknown-sector,INS-UUID-MISSING-279
2026-05-14,unknown-sector,Unknown,public/certificates/output/certificate_COMMUNITY.png,UUID-MISSING-280,ATS-MISSING-280,280,unknown-sector,INS-UUID-MISSING-280
2026-05-14,unknown-sector,Unknown,public/certificates/output/certificate_COUNCILS.png,UUID-MISSING-281,ATS-MISSING-281,281,unknown-sector,INS-UUID-MISSING-281
2026-05-14,unknown-sector,Unknown,public/certificates/output/certificate_GOVERNMENT.png,UUID-MISSING-282,ATS-MISSING-282,282,unknown-sector,INS-UUID-MISSING-282
2026-05-14,unknown-sector,Unknown,public/certificates/output/certificate_HOUSING.png,UUID-MISSING-283,ATS-MISSING-283,283,unknown-sector,INS-UUID-MISSING-283
2026-05-14,unknown-sector,Unknown,public/certificates/output/certificate_INSURANCE.png,UUID-MISSING-284,ATS-MISSING-284,284,unknown-sector,INS-UUID-MISSING-284
2026-05-14,unknown-sector,Unknown,public/certificates/output/certificate_LANDOWNERS.png,UUID-MISSING-285,ATS-MISSING-285,285,unknown-sector,INS-UUID-MISSING-285
2026-05-14,unknown-sector,Unknown,public/certificates/output/certificate_MINERS.png,UUID-MISSING-286,ATS-MISSING-286,286,unknown-sector,INS-UUID-MISSING-286
2026-05-14,unknown-sector,Unknown,public/certificates/output/certificate_PARTNERS.png,UUID-MISSING-287,ATS-MISSING-287,287,unknown-sector,INS-UUID-MISSING-287
2026-05-14,unknown-sector,Unknown,public/certificates/output/certificate_STEEL.png,UUID-MISSING-288,ATS-MISSING-288,288,unknown-sector,INS-UUID-MISSING-288
2026-05-14,unknown-sector,Unknown,public/certificates/output/certificate_VETERANS.png,UUID-MISSING-289,ATS-MISSING-289,289,unknown-sector,INS-UUID-MISSING-289
2026-05-14,unknown-sector,Unknown,public/certificates/output/certificate_BANKING.png,2cea07d1-5564-4f29-82fd-b7f04a2acb24,ATS-MISSING-290,290,unknown-sector,INS-UUID-MISSING-290
2026-05-14,unknown-sector,Unknown,public/certificates/output/certificate_CEMENT.png,61361508-e578-472d-a763-8b1883acf613,ATS-MISSING-291,291,unknown-sector,INS-UUID-MISSING-291
2026-05-14,unknown-sector,Unknown,public/certificates/output/certificate_COMMUNITY.png,c9e8cdc6-7556-4bca-8a57-b6803e91f663,ATS-MISSING-292,292,unknown-sector,INS-UUID-MISSING-292
2026-05-14,unknown-sector,Unknown,public/certificates/output/certificate_COUNCILS.png,4e729698-274b-4a1d-a56d-fd2968d750bb,ATS-MISSING-293,293,unknown-sector,INS-UUID-MISSING-293
2026-05-14,unknown-sector,Unknown,public/certificates/output/certificate_GOVERNMENT.png,bf4028b4-4ee1-4de5-84b2-8f07a6436c9e,ATS-MISSING-294,294,unknown-sector,INS-UUID-MISSING-294
2026-05-14,unknown-sector,Unknown,public/certificates/output/certificate_HOUSING.png,034e0f11-761a-4ef1-a0f2-dd9340e3cd60,ATS-MISSING-295,295,unknown-sector,INS-UUID-MISSING-295
2026-05-14,unknown-sector,Unknown,public/certificates/output/certificate_INSURANCE.png,9c907589-6fdf-4c28-9c0f-236ae8b12dda,ATS-MISSING-296,296,unknown-sector,INS-UUID-MISSING-296
2026-05-14,unknown-sector,Unknown,public/certificates/output/certificate_LANDOWNERS.png,eec1bdb6-045a-45ee-8ab2-146e8820f2cf,ATS-MISSING-297,297,unknown-sector,INS-UUID-MISSING-297
2026-05-14,unknown-sector,Unknown,public/certificates/output/certificate_MINERS.png,d90ddce8-88b4-44ba-b840-02f9a97354ef,ATS-MISSING-298,298,unknown-sector,INS-UUID-MISSING-298
2026-05-14,unknown-sector,Unknown,public/certificates/output/certificate_PARTNERS.png,8717e9dc-7ff1-48ae-b3c5-8bc0837d1743,ATS-MISSING-299,299,unknown-sector,INS-UUID-MISSING-299
2026-05-14,unknown-sector,Unknown,public/certificates/output/certificate_STEEL.png,89ac90a8-85ac-4fc4-9c3e-3f657a11c21d,ATS-MISSING-300,300,unknown-sector,INS-UUID-MISSING-300
2026-05-14,unknown-sector,Unknown,public/certificates/output/certificate_VETERANS.png,18a718a4-0270-49fe-8124-97bcb991f722,ATS-MISSING-301,301,unknown-sector,INS-UUID-MISSING-301
2026-05-14,unknown-sector,Unknown,public/certificates/output/certificate_BANKING.png,77d8d214-ad34-4a5d-89a3-79da99162134,ATS-MISSING-302,302,unknown-sector,INS-UUID-MISSING-302
2026-05-14,unknown-sector,Unknown,public/certificates/output/certificate_CEMENT.png,bd083a64-36c5-4960-ad36-2d54026af891,ATS-MISSING-303,303,unknown-sector,INS-UUID-MISSING-303
2026-05-14,unknown-sector,Unknown,public/certificates/output/certificate_COMMUNITY.png,19473655-35ff-434f-ae72-c7b68abc847d,ATS-MISSING-304,304,unknown-sector,INS-UUID-MISSING-304
2026-05-14,unknown-sector,Unknown,public/certificates/output/certificate_COUNCILS.png,892c2e10-532e-4f6c-a4c3-58b4f213c2ac,ATS-MISSING-305,305,unknown-sector,INS-UUID-MISSING-305
2026-05-14,unknown-sector,Unknown,public/certificates/output/certificate_GOVERNMENT.png,52c2244f-e5fa-4b76-9110-ce519df3ee8d,ATS-MISSING-306,306,unknown-sector,INS-UUID-MISSING-306
2026-05-14,unknown-sector,Unknown,public/certificates/output/certificate_HOUSING.png,fef0a155-b7e0-472f-a5d3-6da84632ff43,ATS-MISSING-307,307,unknown-sector,INS-UUID-MISSING-307
2026-05-14,unknown-sector,Unknown,public/certificates/output/certificate_INSURANCE.png,c5d3d857-2f5d-427e-a46b-4b74ea8f5664,ATS-MISSING-308,308,unknown-sector,INS-UUID-MISSING-308
2026-05-14,unknown-sector,Unknown,public/certificates/output/certificate_LANDOWNERS.png,989935ed-b2cf-4d73-ba1a-98612b8c4b99,ATS-MISSING-309,309,unknown-sector,INS-UUID-MISSING-309
2026-05-14,unknown-sector,Unknown,public/certificates/output/certificate_MINERS.png,7d2c9a75-cd25-4234-a765-2dd2f9b8ab02,ATS-MISSING-310,310,unknown-sector,INS-UUID-MISSING-310
2026-05-14,unknown-sector,Unknown,public/certificates/output/certificate_PARTNERS.png,21c70244-b0f9-4512-a8d7-622aa7c1fd68,ATS-MISSING-311,311,unknown-sector,INS-UUID-MISSING-311
2026-05-14,unknown-sector,Unknown,public/certificates/output/certificate_STEEL.png,bf88e521-377d-40bd-8197-184136019ec7,ATS-MISSING-312,312,unknown-sector,INS-UUID-MISSING-312
2026-05-14,unknown-sector,Unknown,public/certificates/output/certificate_VETERANS.png,845c58d3-9c35-4109-85b3-543380d66ce9,ATS-MISSING-313,313,unknown-sector,INS-UUID-MISSING-313
2026-05-14,unknown-sector,Unknown,public/certificates/output/certificate_BANKING.png,d31fcf28-dd08-41e5-af7f-c08736119b25,ATS-MISSING-314,314,unknown-sector,INS-UUID-MISSING-314
2026-05-14,unknown-sector,Unknown,public/certificates/output/certificate_CEMENT.png,94931ce9-caf2-4607-b14b-f28001dbd307,ATS-MISSING-315,315,unknown-sector,INS-UUID-MISSING-315
2026-05-14,unknown-sector,Unknown,public/certificates/output/certificate_COMMUNITY.png,e9c14460-48bc-4930-a4cf-1f9f21aa104e,ATS-MISSING-316,316,unknown-sector,INS-UUID-MISSING-316
2026-05-14,unknown-sector,Unknown,public/certificates/output/certificate_COUNCILS.png,ee6b66a4-3551-46d8-957a-3e4132cceab7,ATS-MISSING-317,317,unknown-sector,INS-UUID-MISSING-317
2026-05-14,unknown-sector,Unknown,public/certificates/output/certificate_GOVERNMENT.png,1f869524-1d6c-4199-a0d4-29c4907899b6,ATS-MISSING-318,318,unknown-sector,INS-UUID-MISSING-318
2026-05-14,unknown-sector,Unknown,public/certificates/output/certificate_HOUSING.png,1c12b901-e278-4d90-a266-3e52f6257bb1,ATS-MISSING-319,319,unknown-sector,INS-UUID-MISSING-319
2026-05-14,unknown-sector,Unknown,public/certificates/output/certificate_INSURANCE.png,59fb7e62-0abd-4a4d-b672-e359f42e00b0,ATS-MISSING-320,320,unknown-sector,INS-UUID-MISSING-320
2026-05-14,unknown-sector,Unknown,public/certificates/output/certificate_LANDOWNERS.png,5c145062-4b36-49fd-bb4c-e74331eb1df2,ATS-MISSING-321,321,unknown-sector,INS-UUID-MISSING-321
2026-05-14,unknown-sector,Unknown,public/certificates/output/certificate_MINERS.png,5f2930aa-a9f4-4e7d-ab5d-e3b704bdce74,ATS-MISSING-322,322,unknown-sector,INS-UUID-MISSING-322
2026-05-14,unknown-sector,Unknown,public/certificates/output/certificate_PARTNERS.png,1e27a0d1-46a3-420c-9c7f-1378d72c0c73,ATS-MISSING-323,323,unknown-sector,INS-UUID-MISSING-323
2026-05-14,unknown-sector,Unknown,public/certificates/output/certificate_STEEL.png,f1054f74-ee54-4a37-8454-3ef59da7aa00,ATS-MISSING-324,324,unknown-sector,INS-UUID-MISSING-324
2026-05-14,unknown-sector,Unknown,public/certificates/output/certificate_VETERANS.png,42f82477-8adc-475a-8724-db15f86a4b73,ATS-MISSING-325,325,unknown-sector,INS-UUID-MISSING-325
2026-05-14,unknown-sector,Unknown,public/certificates/output/certificate_BANKING.png,068dfe9b-8fc3-412d-ae78-aabc4433de1a,ATS-MISSING-326,326,unknown-sector,INS-UUID-MISSING-326
2026-05-14,unknown-sector,Unknown,public/certificates/output/certificate_CEMENT.png,8a9f4dde-a019-4071-a36b-528dfe219fbb,ATS-MISSING-327,327,unknown-sector,INS-UUID-MISSING-327
2026-05-14,unknown-sector,Unknown,public/certificates/output/certificate_COMMUNITY.png,0c38a6f9-d726-4c85-8f86-01e42910d795,ATS-MISSING-328,328,unknown-sector,INS-UUID-MISSING-328
2026-05-14,unknown-sector,Unknown,public/certificates/output/certificate_COUNCILS.png,b39e69ab-5274-4856-a1ef-55f6768deb6e,ATS-MISSING-329,329,unknown-sector,INS-UUID-MISSING-329
2026-05-14,unknown-sector,Unknown,public/certificates/output/certificate_GOVERNMENT.png,648b11f5-c4a4-4eb5-97b5-7818f44f1f7b,ATS-MISSING-330,330,unknown-sector,INS-UUID-MISSING-330
2026-05-14,unknown-sector,Unknown,public/certificates/output/certificate_HOUSING.png,d53c09b2-f578-4136-ba76-293d3e57c66b,ATS-MISSING-331,331,unknown-sector,INS-UUID-MISSING-331
2026-05-14,unknown-sector,Unknown,public/certificates/output/certificate_INSURANCE.png,3587eafd-f999-4c97-ab22-a25a89553530,ATS-MISSING-332,332,unknown-sector,INS-UUID-MISSING-332
2026-05-14,unknown-sector,Unknown,public/certificates/output/certificate_LANDOWNERS.png,8033f837-35f3-4bea-afbe-b964ba39a8a0,ATS-MISSING-333,333,unknown-sector,INS-UUID-MISSING-333
2026-05-14,unknown-sector,Unknown,public/certificates/output/certificate_MINERS.png,7ab5bb3a-7221-4ea3-9ca8-387eb3f39641,ATS-MISSING-334,334,unknown-sector,INS-UUID-MISSING-334
2026-05-14,unknown-sector,Unknown,public/certificates/output/certificate_PARTNERS.png,ef7fd846-506a-4977-84d2-c2e5cd56d8c4,ATS-MISSING-335,335,unknown-sector,INS-UUID-MISSING-335
2026-05-14,unknown-sector,Unknown,public/certificates/output/certificate_STEEL.png,4cd4a60d-b885-4e3c-8919-64dfa5a8b8c5,ATS-MISSING-336,336,unknown-sector,INS-UUID-MISSING-336
2026-05-14,unknown-sector,Unknown,public/certificates/output/certificate_VETERANS.png,60818df3-3953-4267-90a0-b8b4e72d1e05,ATS-MISSING-337,337,unknown-sector,INS-UUID-MISSING-337
2026-05-14,unknown-sector,Unknown,public/certificates/output/certificate_BANKING.png,763dc75a-cf82-412c-946d-42f812cc6f80,ATS-MISSING-338,338,unknown-sector,INS-UUID-MISSING-338
2026-05-14,unknown-sector,Unknown,public/certificates/output/certificate_CEMENT.png,96a85bc5-083e-4bbd-b801-02325f87dcc5,ATS-MISSING-339,339,unknown-sector,INS-UUID-MISSING-339
2026-05-14,unknown-sector,Unknown,public/certificates/output/certificate_COMMUNITY.png,39184605-6759-4816-ad09-d2322aba777f,ATS-MISSING-340,340,unknown-sector,INS-UUID-MISSING-340
2026-05-14,unknown-sector,Unknown,public/certificates/output/certificate_COUNCILS.png,e7cd6988-7388-4468-886c-c764067c8884,ATS-MISSING-341,341,unknown-sector,INS-UUID-MISSING-341
2026-05-14,unknown-sector,Unknown,public/certificates/output/certificate_GOVERNMENT.png,5bd0ad97-4378-41fa-9017-3eb41b9646b6,ATS-MISSING-342,342,unknown-sector,INS-UUID-MISSING-342
2026-05-14,unknown-sector,Unknown,public/certificates/output/certificate_HOUSING.png,76a3f33c-4ca0-4364-8b5b-ce1fd1c78c19,ATS-MISSING-343,343,unknown-sector,INS-UUID-MISSING-343
2026-05-14,unknown-sector,Unknown,public/certificates/output/certificate_INSURANCE.png,36b65fce-871b-4c61-bf95-fbd099daedfb,ATS-MISSING-344,344,unknown-sector,INS-UUID-MISSING-344
2026-05-14,unknown-sector,Unknown,public/certificates/output/certificate_LANDOWNERS.png,dbba7aa9-1e0b-4c15-ad24-6488c3e1bd60,ATS-MISSING-345,345,unknown-sector,INS-UUID-MISSING-345
2026-05-14,unknown-sector,Unknown,public/certificates/output/certificate_MINERS.png,7243d062-13d7-4e20-8a20-22adfdbb4ded,ATS-MISSING-346,346,unknown-sector,INS-UUID-MISSING-346
2026-05-14,unknown-sector,Unknown,public/certificates/output/certificate_PARTNERS.png,cb8753c5-4dbd-4277-b63c-dd235353770a,ATS-MISSING-347,347,unknown-sector,INS-UUID-MISSING-347
2026-05-14,unknown-sector,Unknown,public/certificates/output/certificate_STEEL.png,3754b0b1-1ea5-4e1c-84e2-ef68f31b3369,ATS-MISSING-348,348,unknown-sector,INS-UUID-MISSING-348
2026-05-14,unknown-sector,Unknown,public/certificates/output/certificate_VETERANS.png,ebab9065-6f98-4b3f-9171-ac2e2f83f11f,ATS-MISSING-349,349,unknown-sector,INS-UUID-MISSING-349
2026-05-18,unknown-sector,Unknown,public/certificates/output/certificate_BANKING.png,29406699-bad8-448f-abce-900e5f1c2379,ATS-MISSING-350,350,unknown-sector,INS-UUID-MISSING-350
2026-05-18,unknown-sector,Unknown,public/certificates/output/certificate_CEMENT.png,9c057fb3-af5b-4cca-9065-e064cd9b8a0e,ATS-MISSING-351,351,unknown-sector,INS-UUID-MISSING-351
2026-05-18,unknown-sector,Unknown,public/certificates/output/certificate_COMMUNITY.png,5c14a895-d1b8-4860-93fd-84bebf34d54d,ATS-MISSING-352,352,unknown-sector,INS-UUID-MISSING-352
2026-05-18,unknown-sector,Unknown,public/certificates/output/certificate_COUNCILS.png,33594646-e233-40bf-ac45-273bdcae0dfd,ATS-MISSING-353,353,unknown-sector,INS-UUID-MISSING-353
2026-05-18,unknown-sector,Unknown,public/certificates/output/certificate_GOVERNMENT.png,0fc01805-35e6-4205-8f49-cf1c1ffcbb11,ATS-MISSING-354,354,unknown-sector,INS-UUID-MISSING-354
2026-05-18,unknown-sector,Unknown,public/certificates/output/certificate_HOUSING.png,b69f4e35-f028-4b05-8d15-4c461ee6155b,ATS-MISSING-355,355,unknown-sector,INS-UUID-MISSING-355
2026-05-18,unknown-sector,Unknown,public/certificates/output/certificate_INSURANCE.png,f3872f19-085e-406f-9d01-947e1fb15a8e,ATS-MISSING-356,356,unknown-sector,INS-UUID-MISSING-356
2026-05-18,unknown-sector,Unknown,public/certificates/output/certificate_LANDOWNERS.png,0a29d5e9-0570-48fc-a357-b3239b1b4b2c,ATS-MISSING-357,357,unknown-sector,INS-UUID-MISSING-357
2026-05-18,unknown-sector,Unknown,public/certificates/output/certificate_MINERS.png,001eac5f-af24-47bb-83c4-c4b86d08e938,ATS-MISSING-358,358,unknown-sector,INS-UUID-MISSING-358
2026-05-18,unknown-sector,Unknown,public/certificates/output/certificate_PARTNERS.png,6324851a-215f-46e5-9980-ccbe6e189ea5,ATS-MISSING-359,359,unknown-sector,INS-UUID-MISSING-359
2026-05-18,unknown-sector,Unknown,public/certificates/output/certificate_STEEL.png,17bb1372-6ac1-4d01-84e6-5c3a0dcb84e8,ATS-MISSING-360,360,unknown-sector,INS-UUID-MISSING-360
2026-05-18,unknown-sector,Unknown,public/certificates/output/certificate_VETERANS.png,7b062bac-d0d0-400c-a57b-d14b3224cebd,ATS-MISSING-361,361,unknown-sector,INS-UUID-MISSING-361
2026-05-18,unknown-sector,Unknown,public/certificates/output/certificate_BANKING.png,d7dc6fee-ddab-49e9-88ec-54214fa186b1,ATS-MISSING-362,362,unknown-sector,INS-UUID-MISSING-362
2026-05-18,unknown-sector,Unknown,public/certificates/output/certificate_CEMENT.png,0484586f-7bdd-46da-bd9b-4e20b0f9bc9d,ATS-MISSING-363,363,unknown-sector,INS-UUID-MISSING-363
2026-05-18,unknown-sector,Unknown,public/certificates/output/certificate_COMMUNITY.png,66077e47-ce00-464f-9728-dabca9f74376,ATS-MISSING-364,364,unknown-sector,INS-UUID-MISSING-364
2026-05-18,unknown-sector,Unknown,public/certificates/output/certificate_COUNCILS.png,6e3198da-cada-4f85-9459-6ab037d07e1d,ATS-MISSING-365,365,unknown-sector,INS-UUID-MISSING-365
2026-05-18,unknown-sector,Unknown,public/certificates/output/certificate_GOVERNMENT.png,dfd5a789-e95f-4edf-8380-c2a0c9527db3,ATS-MISSING-366,366,unknown-sector,INS-UUID-MISSING-366
2026-05-18,unknown-sector,Unknown,public/certificates/output/certificate_HOUSING.png,26089116-3370-49cc-af3f-fae39f7f307e,ATS-MISSING-367,367,unknown-sector,INS-UUID-MISSING-367
2026-05-18,unknown-sector,Unknown,public/certificates/output/certificate_INSURANCE.png,baa568cd-9082-4b0c-9e7a-6d862ebbc972,ATS-MISSING-368,368,unknown-sector,INS-UUID-MISSING-368
2026-05-18,unknown-sector,Unknown,public/certificates/output/certificate_LANDOWNERS.png,8ba5ddc9-5604-43ac-8f46-4166497cc6ed,ATS-MISSING-369,369,unknown-sector,INS-UUID-MISSING-369
2026-05-18,unknown-sector,Unknown,public/certificates/output/certificate_MINERS.png,3a586dfc-0946-437f-9e30-0d39a97f5063,ATS-MISSING-370,370,unknown-sector,INS-UUID-MISSING-370
2026-05-18,unknown-sector,Unknown,public/certificates/output/certificate_PARTNERS.png,88383b4b-319c-4276-9286-255681ae9a57,ATS-MISSING-371,371,unknown-sector,INS-UUID-MISSING-371
2026-05-18,unknown-sector,Unknown,public/certificates/output/certificate_STEEL.png,db0790b7-5fa8-4fb5-9d16-3821873f4d53,ATS-MISSING-372,372,unknown-sector,INS-UUID-MISSING-372
2026-05-18,unknown-sector,Unknown,public/certificates/output/certificate_VETERANS.png,ba4d98b3-4cb0-4496-a035-4db5370632b9,ATS-MISSING-373,373,unknown-sector,INS-UUID-MISSING-373
2026-05-18,unknown-sector,Unknown,public/certificates/output/certificate_BANKING.png,f3947ff3-2504-4033-ba78-3051f85ad0b0,ATS-MISSING-374,374,unknown-sector,INS-UUID-MISSING-374
2026-05-18,unknown-sector,Unknown,public/certificates/output/certificate_CEMENT.png,19475011-d1d7-478c-b5ed-d5695beca587,ATS-MISSING-375,375,unknown-sector,INS-UUID-MISSING-375
2026-05-18,unknown-sector,Unknown,public/certificates/output/certificate_COMMUNITY.png,fd85ee13-a28e-42c1-b7de-2a1d71089c2c,ATS-MISSING-376,376,unknown-sector,INS-UUID-MISSING-376
2026-05-18,unknown-sector,Unknown,public/certificates/output/certificate_COUNCILS.png,cbe45e07-32cd-438c-9d5b-092f9896b7ce,ATS-MISSING-377,377,unknown-sector,INS-UUID-MISSING-377
2026-05-18,unknown-sector,Unknown,public/certificates/output/certificate_GOVERNMENT.png,ad02edc8-24c9-4942-b395-1af1431d3e4c,ATS-MISSING-378,378,unknown-sector,INS-UUID-MISSING-378
2026-05-18,unknown-sector,Unknown,public/certificates/output/certificate_HOUSING.png,b585448e-6dd4-48a9-a2e1-248cb2dea3a8,ATS-MISSING-379,379,unknown-sector,INS-UUID-MISSING-379
2026-05-18,unknown-sector,Unknown,public/certificates/output/certificate_INSURANCE.png,0a9d9b36-fed9-416b-8dd7-20a07945a306,ATS-MISSING-380,380,unknown-sector,INS-UUID-MISSING-380
2026-05-18,unknown-sector,Unknown,public/certificates/output/certificate_LANDOWNERS.png,5bd2f25e-0765-4d6a-b2dd-c82fd5f4b213,ATS-MISSING-381,381,unknown-sector,INS-UUID-MISSING-381
2026-05-18,unknown-sector,Unknown,public/certificates/output/certificate_MINERS.png,5b7dcd34-65dc-42b5-ab3f-24421b34d5bc,ATS-MISSING-382,382,unknown-sector,INS-UUID-MISSING-382
2026-05-18,unknown-sector,Unknown,public/certificates/output/certificate_PARTNERS.png,d8986e8d-eb17-46d9-8c31-09d030b1a242,ATS-MISSING-383,383,unknown-sector,INS-UUID-MISSING-383
2026-05-18,unknown-sector,Unknown,public/certificates/output/certificate_STEEL.png,e7f81695-4c27-45e2-ab9b-51c53eacf6cd,ATS-MISSING-384,384,unknown-sector,INS-UUID-MISSING-384
2026-05-18,unknown-sector,Unknown,public/certificates/output/certificate_VETERANS.png,5d6acddb-8e94-4221-b5b0-52348111cd1c,ATS-MISSING-385,385,unknown-sector,INS-UUID-MISSING-385
2026-05-18,unknown-sector,Unknown,public/certificates/output/certificate_BANKING.png,ff766d95-14cb-4373-93f8-7b6081f1d9c2,ATS-MISSING-386,386,unknown-sector,INS-UUID-MISSING-386
2026-05-18,unknown-sector,Unknown,public/certificates/output/certificate_CEMENT.png,634635f6-4820-467a-9511-a7183e589544,ATS-MISSING-387,387,unknown-sector,INS-UUID-MISSING-387
2026-05-18,unknown-sector,Unknown,public/certificates/output/certificate_COMMUNITY.png,8cf87f18-0349-4954-bee3-c998cadbdc68,ATS-MISSING-388,388,unknown-sector,INS-UUID-MISSING-388
2026-05-18,unknown-sector,Unknown,public/certificates/output/certificate_COUNCILS.png,698b1fea-67be-46b5-ad00-c7c0ed4aa2f3,ATS-MISSING-389,389,unknown-sector,INS-UUID-MISSING-389
2026-05-18,unknown-sector,Unknown,public/certificates/output/certificate_GOVERNMENT.png,c7c02145-7f2e-48ec-a75e-cb2a5d057eec,ATS-MISSING-390,390,unknown-sector,INS-UUID-MISSING-390
2026-05-18,unknown-sector,Unknown,public/certificates/output/certificate_HOUSING.png,135f8023-8253-4a4a-95f1-ce9126384a6c,ATS-MISSING-391,391,unknown-sector,INS-UUID-MISSING-391
2026-05-18,unknown-sector,Unknown,public/certificates/output/certificate_INSURANCE.png,421b7979-54a7-480b-8839-4afe0e50432a,ATS-MISSING-392,392,unknown-sector,INS-UUID-MISSING-392
2026-05-18,unknown-sector,Unknown,public/certificates/output/certificate_LANDOWNERS.png,10576cd8-004d-43ed-8735-a141ea979285,ATS-MISSING-393,393,unknown-sector,INS-UUID-MISSING-393
2026-05-18,unknown-sector,Unknown,public/certificates/output/certificate_MINERS.png,ccf427c1-57ef-4415-b10a-6c8afc088419,ATS-MISSING-394,394,unknown-sector,INS-UUID-MISSING-394
2026-05-18,unknown-sector,Unknown,public/certificates/output/certificate_PARTNERS.png,97b37c23-e05c-4e9a-b320-3fc36823e36c,ATS-MISSING-395,395,unknown-sector,INS-UUID-MISSING-395
2026-05-18,unknown-sector,Unknown,public/certificates/output/certificate_STEEL.png,3d5a48a3-48be-48f1-a399-adb01e79f2db,ATS-MISSING-396,396,unknown-sector,INS-UUID-MISSING-396
2026-05-18,unknown-sector,Unknown,public/certificates/output/certificate_VETERANS.png,756982ed-7ef4-46fb-ac33-e8368e65265e,ATS-MISSING-397,397,unknown-sector,INS-UUID-MISSING-397
2026-05-18,unknown-sector,Unknown,public/certificates/output/certificate_BANKING.png,7feeb6ac-1c53-4055-a2c8-c0d726bf4aa4,ATS-MISSING-398,398,unknown-sector,INS-UUID-MISSING-398
2026-05-18,unknown-sector,Unknown,public/certificates/output/certificate_CEMENT.png,4082f730-198d-46d4-a6fe-f89be721fbe9,ATS-MISSING-399,399,unknown-sector,INS-UUID-MISSING-399
2026-05-18,unknown-sector,Unknown,public/certificates/output/certificate_COMMUNITY.png,285e2e78-c8b9-4300-96ed-c92b0815413e,ATS-MISSING-400,400,unknown-sector,INS-UUID-MISSING-400
2026-05-18,unknown-sector,Unknown,public/certificates/output/certificate_COUNCILS.png,2fb0c20a-8dac-4fd4-9bd3-daecdfa1639e,ATS-MISSING-401,401,unknown-sector,INS-UUID-MISSING-401
2026-05-18,unknown-sector,Unknown,public/certificates/output/certificate_GOVERNMENT.png,5e5ece51-139a-445d-a608-0747484e86f1,ATS-MISSING-402,402,unknown-sector,INS-UUID-MISSING-402
2026-05-18,unknown-sector,Unknown,public/certificates/output/certificate_HOUSING.png,1f29a78d-3513-49ec-8851-989ccc3f086c,ATS-MISSING-403,403,unknown-sector,INS-UUID-MISSING-403
2026-05-18,unknown-sector,Unknown,public/certificates/output/certificate_INSURANCE.png,2298e1d1-1bb5-41ab-874c-f0dafd2547e2,ATS-MISSING-404,404,unknown-sector,INS-UUID-MISSING-404
2026-05-18,unknown-sector,Unknown,public/certificates/output/certificate_LANDOWNERS.png,fe606451-6646-4d1a-9cb0-e27aa4df086b,ATS-MISSING-405,405,unknown-sector,INS-UUID-MISSING-405
2026-05-18,unknown-sector,Unknown,public/certificates/output/certificate_MINERS.png,a3c7328b-4495-44cb-84f2-fc6b106985ac,ATS-MISSING-406,406,unknown-sector,INS-UUID-MISSING-406
2026-05-18,unknown-sector,Unknown,public/certificates/output/certificate_PARTNERS.png,55177558-8032-4c9b-9b4b-94c2d2ac4d51,ATS-MISSING-407,407,unknown-sector,INS-UUID-MISSING-407
2026-05-18,unknown-sector,Unknown,public/certificates/output/certificate_STEEL.png,309e0471-e8b1-43d7-b5ea-8160b21dfddc,ATS-MISSING-408,408,unknown-sector,INS-UUID-MISSING-408
2026-05-18,unknown-sector,Unknown,public/certificates/output/certificate_VETERANS.png,fdd02993-4cb8-463e-9d72-27b4dec3b10d,ATS-MISSING-409,409,unknown-sector,INS-UUID-MISSING-409
2026-05-18,unknown-sector,Unknown,public/certificates/output/certificate_BANKING.png,271ff0a5-b9d6-493a-be15-52e62517ab21,ATS-MISSING-410,410,unknown-sector,INS-UUID-MISSING-410
2026-05-18,unknown-sector,Unknown,public/certificates/output/certificate_CEMENT.png,b65126b6-e33a-4283-ae78-840f1b634b1f,ATS-MISSING-411,411,unknown-sector,INS-UUID-MISSING-411
2026-05-18,unknown-sector,Unknown,public/certificates/output/certificate_COMMUNITY.png,71bed4b5-151b-4687-a7f3-2a31cc947b37,ATS-MISSING-412,412,unknown-sector,INS-UUID-MISSING-412
2026-05-18,unknown-sector,Unknown,public/certificates/output/certificate_COUNCILS.png,964b7679-4dbe-49f7-8bbc-5f4d104c4a21,ATS-MISSING-413,413,unknown-sector,INS-UUID-MISSING-413
2026-05-18,unknown-sector,Unknown,public/certificates/output/certificate_GOVERNMENT.png,3c4e1996-8377-4b0a-b266-55f70f0b3611,ATS-MISSING-414,414,unknown-sector,INS-UUID-MISSING-414
2026-05-18,unknown-sector,Unknown,public/certificates/output/certificate_HOUSING.png,b154dcfd-0d35-4127-af1d-dcac6b2a3ac2,ATS-MISSING-415,415,unknown-sector,INS-UUID-MISSING-415
2026-05-18,unknown-sector,Unknown,public/certificates/output/certificate_INSURANCE.png,9c54eb44-e317-40a2-bc31-321ba3479c0a,ATS-MISSING-416,416,unknown-sector,INS-UUID-MISSING-416
2026-05-18,unknown-sector,Unknown,public/certificates/output/certificate_LANDOWNERS.png,2f617c10-0062-477a-93bd-383461ecfd35,ATS-MISSING-417,417,unknown-sector,INS-UUID-MISSING-417
2026-05-18,unknown-sector,Unknown,public/certificates/output/certificate_MINERS.png,b0aead8a-8aca-4113-a41b-273c6cc23f99,ATS-MISSING-418,418,unknown-sector,INS-UUID-MISSING-418
2026-05-18,unknown-sector,Unknown,public/certificates/output/certificate_PARTNERS.png,765be6ac-162f-4a82-9ce7-f04f620ddac6,ATS-MISSING-419,419,unknown-sector,INS-UUID-MISSING-419
2026-05-18,unknown-sector,Unknown,public/certificates/output/certificate_STEEL.png,d8790577-a383-489b-8a86-de0b358cfd4a,ATS-MISSING-420,420,unknown-sector,INS-UUID-MISSING-420
2026-05-18,unknown-sector,Unknown,public/certificates/output/certificate_VETERANS.png,f54568ab-1440-441c-b319-f1281f63c9e6,ATS-MISSING-421,421,unknown-sector,INS-UUID-MISSING-421
2026-05-18,unknown-sector,Unknown,public/certificates/output/certificate_BANKING.png,4aebbefb-da71-41d7-9518-46d0a7a889bf,ATS-MISSING-422,422,unknown-sector,INS-UUID-MISSING-422
2026-05-18,unknown-sector,Unknown,public/certificates/output/certificate_CEMENT.png,0599a0c2-c257-481b-b977-6787d99ba80c,ATS-MISSING-423,423,unknown-sector,INS-UUID-MISSING-423
2026-05-18,unknown-sector,Unknown,public/certificates/output/certificate_COMMUNITY.png,bba4fda5-8593-4273-ad87-cf0f15c8d9a5,ATS-MISSING-424,424,unknown-sector,INS-UUID-MISSING-424
2026-05-18,unknown-sector,Unknown,public/certificates/output/certificate_COUNCILS.png,ce4e81d8-b4b9-4b01-b404-18c538d626ca,ATS-MISSING-425,425,unknown-sector,INS-UUID-MISSING-425
2026-05-18,unknown-sector,Unknown,public/certificates/output/certificate_GOVERNMENT.png,935b5f4a-7ffa-449e-a610-c36f29fd3404,ATS-MISSING-426,426,unknown-sector,INS-UUID-MISSING-426
2026-05-18,unknown-sector,Unknown,public/certificates/output/certificate_HOUSING.png,177155ec-1a60-40d9-983f-611d447f7c23,ATS-MISSING-427,427,unknown-sector,INS-UUID-MISSING-427
2026-05-18,unknown-sector,Unknown,public/certificates/output/certificate_INSURANCE.png,3621169a-5835-484d-ad6a-db3d1601b755,ATS-MISSING-428,428,unknown-sector,INS-UUID-MISSING-428
2026-05-18,unknown-sector,Unknown,public/certificates/output/certificate_LANDOWNERS.png,579a4338-aa00-4244-a239-7e6ffa7a5351,ATS-MISSING-429,429,unknown-sector,INS-UUID-MISSING-429
2026-05-18,unknown-sector,Unknown,public/certificates/output/certificate_MINERS.png,719c90c5-d403-4a59-804b-0e068af2ec71,ATS-MISSING-430,430,unknown-sector,INS-UUID-MISSING-430
2026-05-18,unknown-sector,Unknown,public/certificates/output/certificate_PARTNERS.png,dbcf47ab-8403-4256-92a6-87d2b2ae44e7,ATS-MISSING-431,431,unknown-sector,INS-UUID-MISSING-431
2026-05-18,unknown-sector,Unknown,public/certificates/output/certificate_STEEL.png,b617a518-716b-4ab9-9bd7-530198c6e1a0,ATS-MISSING-432,432,unknown-sector,INS-UUID-MISSING-432
2026-05-18,unknown-sector,Unknown,public/certificates/output/certificate_VETERANS.png,9fad8e8f-01d3-43be-b18d-045f5d683c98,ATS-MISSING-433,433,unknown-sector,INS-UUID-MISSING-433
2026-05-18,unknown-sector,John Doe,public/certificates/output/certificate_COMMUNITY.png,UUID-MISSING-434,ATS-MISSING-434,434,unknown-sector,INS-UUID-MISSING-434
2026-06-04,mining,Prince Masvikepi,public/certificates/output/certificate_mining-sector.png,UUID-MISSING-435,ATS-MISSING-435,435,mining,INS-UUID-MISSING-435
2026-06-04,mining,Prince Masvikepi,public/certificates/output/certificate_mining-sector.png,UUID-MISSING-436,ATS-MISSING-436,436,mining,INS-UUID-MISSING-436
2026-06-04,mining,Prince Masvikepi,public/certificates/output/certificate_mining-sector.png,UUID-MISSING-437,ATS-MISSING-437,437,mining,INS-UUID-MISSING-437
2026-06-04,mining,Prince Masvikepi,public/certificates/output/certificate_mining-sector.png,UUID-MISSING-438,ATS-MISSING-438,438,mining,INS-UUID-MISSING-438
2026-06-04,mining,Prince Masvikepi,public/certificates/output/certificate_mining-sector.png,UUID-MISSING-439,ATS-MISSING-439,439,mining,INS-UUID-MISSING-439
2026-06-04,mining,Prince Masvikepi,public/certificates/output/certificate_mining-sector.png,UUID-MISSING-440,ATS-MISSING-440,440,mining,INS-UUID-MISSING-440
2026-06-04,mining,Prince Masvikepi,public/certificates/output/certificate_mining-sector.png,UUID-MISSING-441,ATS-MISSING-441,441,mining,INS-UUID-MISSING-441
2026-06-04,mining,Prince Masvikepi,public/certificates/output/certificate_mining-sector.png,UUID-MISSING-442,ATS-MISSING-442,442,mining,INS-UUID-MISSING-442
2026-06-04,mining,Prince Masvikepi,public/certificates/output/certificate_mining-sector.png,UUID-MISSING-443,ATS-MISSING-443,443,mining,INS-UUID-MISSING-443
2026-06-04,mining,Prince Masvikepi,public/certificates/output/certificate_mining-sector.png,UUID-MISSING-444,ATS-MISSING-444,444,mining,INS-UUID-MISSING-444
2026-06-04,mining,Prince Masvikepi,public/certificates/output/certificate_mining-sector.png,UUID-MISSING-445,ATS-MISSING-445,445,mining,INS-UUID-MISSING-445
2026-06-04,mining,Prince Masvikepi,public/certificates/output/certificate_mining-sector.png,UUID-MISSING-446,ATS-MISSING-446,446,mining,INS-UUID-MISSING-446
2026-06-04,mining,Prince Masvikepi,public/certificates/output/certificate_mining-sector.png,UUID-MISSING-447,ATS-MISSING-447,447,mining,INS-UUID-MISSING-447
2026-06-05,mining,Prince Masvikepi,public/certificates/output/certificate_mining-sector.png,UUID-MISSING-448,ATS-MISSING-448,448,mining,INS-UUID-MISSING-448
2026-06-05,mining,Prince Masvikepi,public/certificates/output/certificate_mining-sector.png,UUID-MISSING-449,ATS-MISSING-449,449,mining,INS-UUID-MISSING-449
2026-06-05,mining,Prince Masvikepi,public/certificates/output/certificate_mining-sector.png,UUID-MISSING-450,ATS-MISSING-450,450,mining,INS-UUID-MISSING-450
2026-06-05,mining,Prince Masvikepi,public/certificates/output/certificate_mining-sector.png,UUID-MISSING-451,ATS-MISSING-451,451,mining,INS-UUID-MISSING-451
2026-06-05,mining,Prince Masvikepi,public/certificates/output/certificate_mining-sector_44e6ac9f-a78c-4190-b830-17c9c786ec8d.png,44e6ac9f-a78c-4190-b830-17c9c786ec8d,ATS-20260605-ADA648,452,mining,INS-UUID-MISSING-452
2026-06-05,mining,Prince Masvikepi,public/certificates/output/certificate_mining-sector_4505ad40-c986-4bd3-b121-363f68393c88.png,4505ad40-c986-4bd3-b121-363f68393c88,ATS-20260605-ED5F3D,453,mining,INS-UUID-MISSING-453
2026-06-05,mining,Prince Masvikepi,public/certificates/output/certificate_mining-sector_48cb374d-6fbb-4bd8-abf4-015762947923.png,48cb374d-6fbb-4bd8-abf4-015762947923,ATS-20260605-09477C,454,mining,INS-UUID-MISSING-454
2026-06-05,mining,Prince Masvikepi,public/certificates/output/certificate_mining-sector_ef6511be-31dd-4823-9149-1a453f778666.png,ef6511be-31dd-4823-9149-1a453f778666,ATS-20260605-C30FF9,455,mining,INS-UUID-MISSING-455
2026-06-05,mining,Prince Masvikepi,public/certificates/output/certificate_mining-sector_b26a213f-979c-4eb7-b85d-94dca108e176.png,b26a213f-979c-4eb7-b85d-94dca108e176,ATS-20260605-DE89B9,456,mining,INS-UUID-MISSING-456
2026-06-05,mining,Prince Masvikepi,public/certificates/output/certificate_mining-sector_5878a080-fc73-4be6-83c2-89c20d763366.png,5878a080-fc73-4be6-83c2-89c20d763366,ATS-20260605-FFC6D4,457,mining,INS-UUID-MISSING-457
2026-06-05,mining,Prince Masvikepi,public/certificates/output/certificate_mining-sector_9bcfae4d-c674-45d1-9487-1184d351b711.png,9bcfae4d-c674-45d1-9487-1184d351b711,ATS-20260605-5AAC72,458,mining,INS-UUID-MISSING-458
2026-06-05,mining,Prince Masvikepi,public/certificates/output/certificate_mining-sector_2da523f5-a705-4137-a3f3-e7d06bcfdb77.png,2da523f5-a705-4137-a3f3-e7d06bcfdb77,ATS-20260605-7A8E90,459,mining,INS-UUID-MISSING-459
2026-06-05,mining,Prince Masvikepi,public/certificates/output/certificate_mining-sector_efe762b0-6f06-4570-8065-1041af618c1d.png,efe762b0-6f06-4570-8065-1041af618c1d,ATS-20260605-F4316F,460,mining,INS-UUID-MISSING-460
2026-06-05,mining,Prince Masvikepi,public/certificates/output/certificate_mining-sector_d9e16729-db64-47c0-9923-bb398f7c00cc.png,d9e16729-db64-47c0-9923-bb398f7c00cc,ATS-20260605-3B1323,461,mining,INS-UUID-MISSING-461
2026-06-06,mining,Prince Masvikepi,public/certificates/output/certificate_mining-sector_e19e91e8-fa4f-4fa0-8630-303558afe248.png,e19e91e8-fa4f-4fa0-8630-303558afe248,ATS-20260606-63322C,462,mining,INS-UUID-MISSING-462
2026-06-06,mining,Prince Masvikepi,public/certificates/output/certificate_mining-sector_17d2e3d0-8f24-4a7c-9ee8-df549b69470f.png,17d2e3d0-8f24-4a7c-9ee8-df549b69470f,ATS-20260606-5CA42D,463,mining,INS-UUID-MISSING-463
2026-06-06,community,John Doe,public/certificates/output/certificate_community-members-sector_44af969a-57de-4d6d-aac7-532175e92621.png,44af969a-57de-4d6d-aac7-532175e92621,ATS-20260606-9FAD7F,464,community,INS-UUID-MISSING-464
2026-06-06,community,John Doe,public/certificates/output/certificate_community-members-sector_fcfde52f-8b86-47a2-9239-e32caba0832b.png,fcfde52f-8b86-47a2-9239-e32caba0832b,ATS-20260606-F21286,465,community,INS-UUID-MISSING-465
2026-06-06,community,John Doe,public/certificates/output/certificate_community-members-sector_e8b5e274-91d0-49cd-83a1-cab40b4bae9e.png,e8b5e274-91d0-49cd-83a1-cab40b4bae9e,ATS-20260606-A83F1E,466,community,INS-UUID-MISSING-466
2026-06-06,community,John Doe,public/certificates/output/certificate_community-members-sector_3b250711-6a01-4520-b549-2238e159be55.png,3b250711-6a01-4520-b549-2238e159be55,ATS-20260606-4D87E6,467,community,INS-UUID-MISSING-467
2026-06-06,community,John Doe,public/certificates/output/certificate_community-members-sector_3cfd2a96-4a1c-4e53-976e-2b36aa91829c.png,3cfd2a96-4a1c-4e53-976e-2b36aa91829c,ATS-20260606-42F3BC,468,community,INS-UUID-MISSING-468
2026-06-06,community,John Doe,public/certificates/output/certificate_community-members-sector_e8aff3a5-14e0-4eb4-9e9f-31e82ec1120f.png,e8aff3a5-14e0-4eb4-9e9f-31e82ec1120f,ATS-20260606-BEE2F6,469,community,INS-UUID-MISSING-469
2026-06-06,community,Prince Masvikepi,public/certificates/output/certificate_community-members-sector_b6f8bb74-32ae-4046-83a6-611bab252cb2.png,b6f8bb74-32ae-4046-83a6-611bab252cb2,ATS-20260606-FE8BB9,470,community,INS-UUID-MISSING-470
2026-06-06,community,Sylvester Madanhire,public/certificates/output/certificate_community-members-sector_da0f9ac8-d22a-4af8-afad-2b44c0caeaa7.png,da0f9ac8-d22a-4af8-afad-2b44c0caeaa7,ATS-20260606-818089,471,community,INS-UUID-MISSING-471
2026-06-06,community members,Prince Masvikepi,public/certificates/output/certificate_community-members-sector_7b1fa080-1a4c-43a0-9c3e-dbab526b3252.png,7b1fa080-1a4c-43a0-9c3e-dbab526b3252,ATS-20260606-A35BFF,003,community-members-sector,INS-UUID-a818738c
2026-06-07,banking,Ashley BankAbc,public/certificates/output/certificate_banking-sector_efdb52ea-1e86-432b-8d6a-b2297e9d9552.png,efdb52ea-1e86-432b-8d6a-b2297e9d9552,ATS-20260607-CDED4D,001,banking-sector,INS-UUID-92073abe
